year,richter,region,deaths,lon,lat
1,5,Afghanistan,63230.0,69.11,34.28
2,5,Afghanistan,50150.0,69.11,34.28
3,5,Afghanistan,35210.0,69.11,34.28
4,5,Afghanistan,23080.0,69.11,34.28
5,5,Afghanistan,25580.0,69.11,34.28
6,5,Afghanistan,33850.0,69.11,34.28
7,5,Afghanistan,49120.0,69.11,34.28
8,5,Afghanistan,67270.0,69.11,34.28
9,5,Afghanistan,49990.0,69.11,34.28
10,5,Afghanistan,43750.0,69.11,34.28
11,5,Afghanistan,33440.0,69.11,34.28
12,5,Afghanistan,20140.0,69.11,34.28
1,6,Albania,355970.0,19.49,41.18
2,5,Albania,97620.0,19.49,41.18
3,5,Albania,29490.0,19.49,41.18
4,5,Albania,52050.0,19.49,41.18
5,5,Albania,17120.0,19.49,41.18
6,5,Albania,92040.0,19.49,41.18
7,6,Albania,265530.0,19.49,41.18
8,6,Albania,109730.0,19.49,41.18
9,5,Albania,90110.0,19.49,41.18
10,5,Albania,42200.0,19.49,41.18
11,5,Albania,35180.0,19.49,41.18
12,5,Albania,48780.0,19.49,41.18
1,6,Algeria,303620.0,3.08,36.42
2,5,Algeria,56670.0,3.08,36.42
3,5,Algeria,18090.0,3.08,36.42
4,5,Algeria,17090.0,3.08,36.42
5,5,Algeria,15520.0,3.08,36.42
6,5,Algeria,11550.0,3.08,36.42
7,5,Algeria,23500.0,3.08,36.42
8,5,Algeria,26790.0,3.08,36.42
9,5,Algeria,13450.0,3.08,36.42
10,5,Algeria,12990.0,3.08,36.42
11,5,Algeria,14480.0,3.08,36.42
12,5,Algeria,14210.0,3.08,36.42
1,5,Andorra,76280.0,1.32,42.31
2,5,Andorra,13530.0,1.32,42.31
3,5,Andorra,26980.0,1.32,42.31
4,5,Andorra,19100.0,1.32,42.31
5,5,Andorra,12250.0,1.32,42.31
6,5,Andorra,10920.0,1.32,42.31
7,5,Andorra,29680.0,1.32,42.31
8,4,Andorra,3750.0,1.32,42.31
9,4,Andorra,4550.0,1.32,42.31
10,5,Andorra,19350.0,1.32,42.31
11,5,Andorra,11800.0,1.32,42.31
12,5,Andorra,11920.0,1.32,42.31
1,5,Angola,71540.0,13.15,-8.5
2,4,Angola,7900.0,13.15,-8.5
3,5,Angola,11560.0,13.15,-8.5
4,5,Angola,10660.0,13.15,-8.5
5,5,Angola,28640.0,13.15,-8.5
6,5,Angola,25710.0,13.15,-8.5
7,5,Angola,22340.0,13.15,-8.5
8,4,Angola,5140.0,13.15,-8.5
9,5,Angola,10170.0,13.15,-8.5
10,4,Angola,6190.0,13.15,-8.5
11,5,Angola,24040.0,13.15,-8.5
12,5,Angola,11130.0,13.15,-8.5
1,5,Antigua and Barbuda,14400.0,-61.48,17.2
2,4,Antigua and Barbuda,2640.0,-61.48,17.2
3,3,Antigua and Barbuda,250.0,-61.48,17.2
4,4,Antigua and Barbuda,4170.0,-61.48,17.2
5,4,Antigua and Barbuda,5470.0,-61.48,17.2
6,4,Antigua and Barbuda,5020.0,-61.48,17.2
7,4,Antigua and Barbuda,1320.0,-61.48,17.2
8,4,Antigua and Barbuda,3100.0,-61.48,17.2
9,4,Antigua and Barbuda,3720.0,-61.48,17.2
10,4,Antigua and Barbuda,5410.0,-61.48,17.2
11,3,Antigua and Barbuda,730.0,-61.48,17.2
12,4,Antigua and Barbuda,2000.0,-61.48,17.2
1,8,Argentina,17999710.0,-60.0,-36.3
2,7,Argentina,2498440.0,-60.0,-36.3
3,7,Argentina,1914050.0,-60.0,-36.3
4,7,Argentina,1719120.0,-60.0,-36.3
5,7,Argentina,2989520.0,-60.0,-36.3
6,7,Argentina,2185390.0,-60.0,-36.3
7,7,Argentina,3204300.0,-60.0,-36.3
8,7,Argentina,2362830.0,-60.0,-36.3
9,7,Argentina,1204030.0,-60.0,-36.3
10,7,Argentina,1571780.0,-60.0,-36.3
11,7,Argentina,2001830.0,-60.0,-36.3
12,7,Argentina,2716310.0,-60.0,-36.3
1,6,Armenia,245100.0,44.31,40.1
2,6,Armenia,208120.0,44.31,40.1
3,5,Armenia,61630.0,44.31,40.1
4,5,Armenia,48930.0,44.31,40.1
5,5,Armenia,68750.0,44.31,40.1
6,5,Armenia,30120.0,44.31,40.1
7,5,Armenia,35880.0,44.31,40.1
8,6,Armenia,104340.0,44.31,40.1
9,5,Armenia,66150.0,44.31,40.1
10,5,Armenia,45620.0,44.31,40.1
11,5,Armenia,37460.0,44.31,40.1
12,5,Armenia,58360.0,44.31,40.1
1,5,Aruba,48320.0,-70.02,12.32
2,4,Aruba,9340.0,-70.02,12.32
3,5,Aruba,14650.0,-70.02,12.32
4,5,Aruba,21760.0,-70.02,12.32
5,5,Aruba,41430.0,-70.02,12.32
6,5,Aruba,29870.0,-70.02,12.32
7,5,Aruba,16780.0,-70.02,12.32
8,5,Aruba,21140.0,-70.02,12.32
9,4,Aruba,5540.0,-70.02,12.32
10,5,Aruba,14440.0,-70.02,12.32
11,5,Aruba,11560.0,-70.02,12.32
12,4,Aruba,6620.0,-70.02,12.32
1,8,Australia,15979910.0,149.08,-35.15
2,7,Australia,6393300.0,149.08,-35.15
3,8,Australia,12863470.0,149.08,-35.15
4,8,Australia,10954270.0,149.08,-35.15
5,8,Australia,11613690.0,149.08,-35.15
6,7,Australia,8942780.0,149.08,-35.15
7,8,Australia,12083200.0,149.08,-35.15
8,7,Australia,7168200.0,149.08,-35.15
9,7,Australia,4266690.0,149.08,-35.15
10,7,Australia,4711280.0,149.08,-35.15
11,7,Australia,5397230.0,149.08,-35.15
12,7,Australia,6982390.0,149.08,-35.15
1,7,Austria,5991870.0,16.22,48.12
2,7,Austria,5789370.0,16.22,48.12
3,7,Austria,8846670.0,16.22,48.12
4,7,Austria,2867760.0,16.22,48.12
5,7,Austria,2012600.0,16.22,48.12
6,7,Austria,2836910.0,16.22,48.12
7,7,Austria,3331330.0,16.22,48.12
8,7,Austria,2305240.0,16.22,48.12
9,7,Austria,2532540.0,16.22,48.12
10,7,Austria,2945490.0,16.22,48.12
11,7,Austria,2443020.0,16.22,48.12
12,7,Austria,2569410.0,16.22,48.12
1,6,Azerbaijan,430710.0,49.56,40.29
2,6,Azerbaijan,564440.0,49.56,40.29
3,5,Azerbaijan,96170.0,49.56,40.29
4,5,Azerbaijan,95370.0,49.56,40.29
5,5,Azerbaijan,95570.0,49.56,40.29
6,6,Azerbaijan,100560.0,49.56,40.29
7,6,Azerbaijan,119960.0,49.56,40.29
8,6,Azerbaijan,179260.0,49.56,40.29
9,6,Azerbaijan,124610.0,49.56,40.29
10,6,Azerbaijan,106170.0,49.56,40.29
11,5,Azerbaijan,91240.0,49.56,40.29
12,5,Azerbaijan,90730.0,49.56,40.29
1,5,Bahamas,30290.0,-77.2,25.05
2,5,Bahamas,11160.0,-77.2,25.05
3,4,Bahamas,5140.0,-77.2,25.05
4,4,Bahamas,8830.0,-77.2,25.05
5,5,Bahamas,14490.0,-77.2,25.05
6,5,Bahamas,11410.0,-77.2,25.05
7,4,Bahamas,9380.0,-77.2,25.05
8,4,Bahamas,3660.0,-77.2,25.05
9,5,Bahamas,18430.0,-77.2,25.05
10,4,Bahamas,5740.0,-77.2,25.05
11,4,Bahamas,7840.0,-77.2,25.05
12,4,Bahamas,3780.0,-77.2,25.05
1,6,Bahrain,918720.0,50.3,26.1
2,6,Bahrain,711390.0,50.3,26.1
3,6,Bahrain,336730.0,50.3,26.1
4,6,Bahrain,226160.0,50.3,26.1
5,6,Bahrain,250200.0,50.3,26.1
6,6,Bahrain,462910.0,50.3,26.1
7,6,Bahrain,327470.0,50.3,26.1
8,6,Bahrain,208730.0,50.3,26.1
9,6,Bahrain,200830.0,50.3,26.1
10,6,Bahrain,206570.0,50.3,26.1
11,6,Bahrain,171300.0,50.3,26.1
12,6,Bahrain,145740.0,50.3,26.1
1,7,Bangladesh,2150350.0,90.26,23.43
2,6,Bangladesh,547450.0,90.26,23.43
3,6,Bangladesh,186360.0,90.26,23.43
4,6,Bangladesh,146460.0,90.26,23.43
5,6,Bangladesh,134570.0,90.26,23.43
6,6,Bangladesh,325250.0,90.26,23.43
7,6,Bangladesh,281500.0,90.26,23.43
8,6,Bangladesh,161460.0,90.26,23.43
9,6,Bangladesh,217930.0,90.26,23.43
10,6,Bangladesh,158750.0,90.26,23.43
11,6,Bangladesh,101670.0,90.26,23.43
12,6,Bangladesh,104110.0,90.26,23.43
1,6,Barbados,140150.0,-59.3,13.05
2,5,Barbados,59700.0,-59.3,13.05
3,5,Barbados,46330.0,-59.3,13.05
4,5,Barbados,96540.0,-59.3,13.05
5,5,Barbados,89880.0,-59.3,13.05
6,5,Barbados,48410.0,-59.3,13.05
7,5,Barbados,80840.0,-59.3,13.05
8,5,Barbados,61950.0,-59.3,13.05
9,5,Barbados,40400.0,-59.3,13.05
10,5,Barbados,30840.0,-59.3,13.05
11,5,Barbados,34990.0,-59.3,13.05
12,5,Barbados,39470.0,-59.3,13.05
1,6,Belarus,384610.0,27.3,53.52
2,7,Belarus,1043340.0,27.3,53.52
3,6,Belarus,314580.0,27.3,53.52
4,6,Belarus,201030.0,27.3,53.52
5,6,Belarus,228930.0,27.3,53.52
6,6,Belarus,128260.0,27.3,53.52
7,6,Belarus,101030.0,27.3,53.52
8,5,Belarus,88680.0,27.3,53.52
9,6,Belarus,111640.0,27.3,53.52
10,6,Belarus,111830.0,27.3,53.52
11,6,Belarus,115030.0,27.3,53.52
12,6,Belarus,120310.0,27.3,53.52
1,7,Belgium,8602490.0,4.21,50.51
2,7,Belgium,2026880.0,4.21,50.51
3,7,Belgium,2986060.0,4.21,50.51
4,7,Belgium,2240350.0,4.21,50.51
5,7,Belgium,1028980.0,4.21,50.51
6,7,Belgium,1159820.0,4.21,50.51
7,7,Belgium,2595410.0,4.21,50.51
8,6,Belgium,664680.0,4.21,50.51
9,6,Belgium,889390.0,4.21,50.51
10,7,Belgium,1440450.0,4.21,50.51
11,7,Belgium,1256120.0,4.21,50.51
12,6,Belgium,738420.0,4.21,50.51
1,6,Belize,135000.0,-88.3,17.18
2,5,Belize,25020.0,-88.3,17.18
3,5,Belize,16700.0,-88.3,17.18
4,5,Belize,14920.0,-88.3,17.18
5,5,Belize,24960.0,-88.3,17.18
6,5,Belize,42980.0,-88.3,17.18
7,5,Belize,32340.0,-88.3,17.18
8,5,Belize,13890.0,-88.3,17.18
9,4,Belize,9320.0,-88.3,17.18
10,5,Belize,16800.0,-88.3,17.18
11,5,Belize,15970.0,-88.3,17.18
12,5,Belize,23160.0,-88.3,17.18
1,4,Benin,4140.0,2.42,6.23
2,3,Benin,630.0,2.42,6.23
3,4,Benin,3850.0,2.42,6.23
4,4,Benin,5870.0,2.42,6.23
5,4,Benin,1440.0,2.42,6.23
6,4,Benin,2640.0,2.42,6.23
7,4,Benin,2300.0,2.42,6.23
8,4,Benin,1740.0,2.42,6.23
9,4,Benin,1480.0,2.42,6.23
10,0,Benin,0.0,2.42,6.23
11,4,Benin,1220.0,2.42,6.23
12,4,Benin,5160.0,2.42,6.23
1,5,Bhutan,40570.0,89.45,27.31
2,5,Bhutan,70330.0,89.45,27.31
3,6,Bhutan,129420.0,89.45,27.31
4,6,Bhutan,152400.0,89.45,27.31
5,5,Bhutan,20730.0,89.45,27.31
6,5,Bhutan,29270.0,89.45,27.31
7,5,Bhutan,27340.0,89.45,27.31
8,5,Bhutan,30390.0,89.45,27.31
9,5,Bhutan,28690.0,89.45,27.31
10,5,Bhutan,23790.0,89.45,27.31
11,5,Bhutan,14350.0,89.45,27.31
12,5,Bhutan,31360.0,89.45,27.31
1,7,Bolivia,1527880.0,-68.1,-16.2
2,6,Bolivia,371300.0,-68.1,-16.2
3,6,Bolivia,224920.0,-68.1,-16.2
4,6,Bolivia,135130.0,-68.1,-16.2
5,6,Bolivia,220000.0,-68.1,-16.2
6,6,Bolivia,335730.0,-68.1,-16.2
7,7,Bolivia,1110320.0,-68.1,-16.2
8,6,Bolivia,475430.0,-68.1,-16.2
9,6,Bolivia,205720.0,-68.1,-16.2
10,6,Bolivia,153120.0,-68.1,-16.2
11,6,Bolivia,261890.0,-68.1,-16.2
12,6,Bolivia,591210.0,-68.1,-16.2
1,6,Bosnia and Herzegovina,426290.0,18.26,43.52
2,6,Bosnia and Herzegovina,119360.0,18.26,43.52
3,5,Bosnia and Herzegovina,51590.0,18.26,43.52
4,5,Bosnia and Herzegovina,57480.0,18.26,43.52
5,5,Bosnia and Herzegovina,32510.0,18.26,43.52
6,5,Bosnia and Herzegovina,32250.0,18.26,43.52
7,5,Bosnia and Herzegovina,86970.0,18.26,43.52
8,5,Bosnia and Herzegovina,79410.0,18.26,43.52
9,5,Bosnia and Herzegovina,41260.0,18.26,43.52
10,5,Bosnia and Herzegovina,79980.0,18.26,43.52
11,5,Bosnia and Herzegovina,51520.0,18.26,43.52
12,5,Bosnia and Herzegovina,38170.0,18.26,43.52
1,6,Botswana,206040.0,25.57,-24.45
2,5,Botswana,42950.0,25.57,-24.45
3,6,Botswana,471460.0,25.57,-24.45
4,4,Botswana,5950.0,25.57,-24.45
5,5,Botswana,39290.0,25.57,-24.45
6,6,Botswana,207450.0,25.57,-24.45
7,5,Botswana,55740.0,25.57,-24.45
8,3,Botswana,400.0,25.57,-24.45
9,4,Botswana,3970.0,25.57,-24.45
10,5,Botswana,52040.0,25.57,-24.45
11,4,Botswana,3890.0,25.57,-24.45
12,5,Botswana,13930.0,25.57,-24.45
1,8,Brazil,31916280.0,-47.55,-15.47
2,8,Brazil,17764820.0,-47.55,-15.47
3,8,Brazil,10879430.0,-47.55,-15.47
4,7,Brazil,6943940.0,-47.55,-15.47
5,7,Brazil,8712910.0,-47.55,-15.47
6,8,Brazil,12208280.0,-47.55,-15.47
7,8,Brazil,11811360.0,-47.55,-15.47
8,7,Brazil,8928750.0,-47.55,-15.47
9,7,Brazil,5826490.0,-47.55,-15.47
10,7,Brazil,5117190.0,-47.55,-15.47
11,7,Brazil,7981820.0,-47.55,-15.47
12,8,Brazil,12304510.0,-47.55,-15.47
1,4,British Virgin Islands,9420.0,-64.37,18.27
2,3,British Virgin Islands,880.0,-64.37,18.27
3,4,British Virgin Islands,3770.0,-64.37,18.27
4,4,British Virgin Islands,1930.0,-64.37,18.27
5,4,British Virgin Islands,1920.0,-64.37,18.27
6,4,British Virgin Islands,7640.0,-64.37,18.27
7,2,British Virgin Islands,70.0,-64.37,18.27
8,4,British Virgin Islands,1840.0,-64.37,18.27
9,4,British Virgin Islands,1510.0,-64.37,18.27
10,0,British Virgin Islands,0.0,-64.37,18.27
11,4,British Virgin Islands,5570.0,-64.37,18.27
12,4,British Virgin Islands,3580.0,-64.37,18.27
1,5,Brunei,66330.0,115.0,4.52
2,6,Brunei,548620.0,115.0,4.52
3,6,Brunei,314610.0,115.0,4.52
4,6,Brunei,130490.0,115.0,4.52
5,6,Brunei,114700.0,115.0,4.52
6,6,Brunei,196640.0,115.0,4.52
7,6,Brunei,381870.0,115.0,4.52
8,6,Brunei,114630.0,115.0,4.52
9,6,Brunei,169640.0,115.0,4.52
10,6,Brunei,112480.0,115.0,4.52
11,6,Brunei,247040.0,115.0,4.52
12,6,Brunei,116440.0,115.0,4.52
1,7,Bulgaria,1736840.0,23.2,42.45
2,6,Bulgaria,733930.0,23.2,42.45
3,6,Bulgaria,431330.0,23.2,42.45
4,6,Bulgaria,313460.0,23.2,42.45
5,6,Bulgaria,230900.0,23.2,42.45
6,6,Bulgaria,174900.0,23.2,42.45
7,6,Bulgaria,466750.0,23.2,42.45
8,6,Bulgaria,365330.0,23.2,42.45
9,6,Bulgaria,265590.0,23.2,42.45
10,6,Bulgaria,305450.0,23.2,42.45
11,6,Bulgaria,246290.0,23.2,42.45
12,6,Bulgaria,179190.0,23.2,42.45
1,4,Burkina Faso,7680.0,-1.3,12.15
2,3,Burkina Faso,460.0,-1.3,12.15
3,4,Burkina Faso,1170.0,-1.3,12.15
4,5,Burkina Faso,10140.0,-1.3,12.15
5,2,Burkina Faso,60.0,-1.3,12.15
6,4,Burkina Faso,1450.0,-1.3,12.15
7,4,Burkina Faso,3290.0,-1.3,12.15
8,4,Burkina Faso,4840.0,-1.3,12.15
9,4,Burkina Faso,8210.0,-1.3,12.15
10,2,Burkina Faso,30.0,-1.3,12.15
11,3,Burkina Faso,100.0,-1.3,12.15
12,4,Burkina Faso,6310.0,-1.3,12.15
1,5,Burundi,17270.0,29.18,-3.16
2,5,Burundi,16830.0,29.18,-3.16
3,4,Burundi,6850.0,29.18,-3.16
4,5,Burundi,62510.0,29.18,-3.16
5,5,Burundi,16560.0,29.18,-3.16
6,5,Burundi,20990.0,29.18,-3.16
7,5,Burundi,39320.0,29.18,-3.16
8,5,Burundi,16490.0,29.18,-3.16
9,4,Burundi,9630.0,29.18,-3.16
10,5,Burundi,19340.0,29.18,-3.16
11,4,Burundi,9750.0,29.18,-3.16
12,4,Burundi,8020.0,29.18,-3.16
1,5,Cambodia,11210.0,104.55,11.33
2,5,Cambodia,78080.0,104.55,11.33
3,5,Cambodia,22180.0,104.55,11.33
4,4,Cambodia,8040.0,104.55,11.33
5,4,Cambodia,5370.0,104.55,11.33
6,4,Cambodia,5610.0,104.55,11.33
7,4,Cambodia,9460.0,104.55,11.33
8,5,Cambodia,10270.0,104.55,11.33
9,4,Cambodia,6890.0,104.55,11.33
10,4,Cambodia,7040.0,104.55,11.33
11,4,Cambodia,7070.0,104.55,11.33
12,4,Cambodia,9690.0,104.55,11.33
1,5,Cameroon,70520.0,11.35,3.5
2,4,Cameroon,5650.0,11.35,3.5
3,4,Cameroon,3040.0,11.35,3.5
4,0,Cameroon,0.0,11.35,3.5
5,4,Cameroon,1670.0,11.35,3.5
6,4,Cameroon,1210.0,11.35,3.5
7,5,Cameroon,17680.0,11.35,3.5
8,4,Cameroon,9210.0,11.35,3.5
9,0,Cameroon,0.0,11.35,3.5
10,5,Cameroon,19770.0,11.35,3.5
11,4,Cameroon,9990.0,11.35,3.5
12,4,Cameroon,7520.0,11.35,3.5
1,7,Canada,4906520.0,-75.42,45.27
2,7,Canada,1797300.0,-75.42,45.27
3,7,Canada,2032330.0,-75.42,45.27
4,7,Canada,3119420.0,-75.42,45.27
5,7,Canada,1600110.0,-75.42,45.27
6,7,Canada,1274250.0,-75.42,45.27
7,7,Canada,2001840.0,-75.42,45.27
8,7,Canada,1230830.0,-75.42,45.27
9,7,Canada,1275510.0,-75.42,45.27
10,7,Canada,1564820.0,-75.42,45.27
11,7,Canada,1094860.0,-75.42,45.27
12,7,Canada,1075890.0,-75.42,45.27
1,5,Cape Verde,40400.0,-23.34,15.02
2,4,Cape Verde,6570.0,-23.34,15.02
3,5,Cape Verde,10790.0,-23.34,15.02
4,5,Cape Verde,12840.0,-23.34,15.02
5,5,Cape Verde,17020.0,-23.34,15.02
6,5,Cape Verde,50800.0,-23.34,15.02
7,5,Cape Verde,21940.0,-23.34,15.02
8,5,Cape Verde,13210.0,-23.34,15.02
9,4,Cape Verde,5960.0,-23.34,15.02
10,5,Cape Verde,10150.0,-23.34,15.02
11,5,Cape Verde,15960.0,-23.34,15.02
12,4,Cape Verde,9040.0,-23.34,15.02
1,5,Cayman Islands,26700.0,-81.24,19.2
2,5,Cayman Islands,20110.0,-81.24,19.2
3,5,Cayman Islands,30310.0,-81.24,19.2
4,5,Cayman Islands,25830.0,-81.24,19.2
5,5,Cayman Islands,18880.0,-81.24,19.2
6,5,Cayman Islands,20640.0,-81.24,19.2
7,5,Cayman Islands,14410.0,-81.24,19.2
8,5,Cayman Islands,17890.0,-81.24,19.2
9,4,Cayman Islands,2810.0,-81.24,19.2
10,5,Cayman Islands,22820.0,-81.24,19.2
11,5,Cayman Islands,15230.0,-81.24,19.2
12,5,Cayman Islands,10910.0,-81.24,19.2
1,5,Central African Republic,12690.0,18.35,4.23
2,4,Central African Republic,1830.0,18.35,4.23
3,4,Central African Republic,3390.0,18.35,4.23
4,3,Central African Republic,950.0,18.35,4.23
5,4,Central African Republic,3380.0,18.35,4.23
6,3,Central African Republic,420.0,18.35,4.23
7,3,Central African Republic,820.0,18.35,4.23
8,3,Central African Republic,590.0,18.35,4.23
9,4,Central African Republic,1170.0,18.35,4.23
10,4,Central African Republic,3030.0,18.35,4.23
11,4,Central African Republic,2620.0,18.35,4.23
12,3,Central African Republic,990.0,18.35,4.23
1,5,Chad,10840.0,14.59,12.1
2,3,Chad,420.0,14.59,12.1
3,3,Chad,570.0,14.59,12.1
4,3,Chad,730.0,14.59,12.1
5,3,Chad,130.0,14.59,12.1
6,3,Chad,100.0,14.59,12.1
7,3,Chad,690.0,14.59,12.1
8,4,Chad,1010.0,14.59,12.1
9,3,Chad,290.0,14.59,12.1
10,4,Chad,3930.0,14.59,12.1
11,3,Chad,620.0,14.59,12.1
12,3,Chad,140.0,14.59,12.1
1,7,Chile,3957810.0,-70.4,-33.24
2,7,Chile,6052350.0,-70.4,-33.24
3,7,Chile,2968760.0,-70.4,-33.24
4,7,Chile,1589750.0,-70.4,-33.24
5,7,Chile,2222170.0,-70.4,-33.24
6,7,Chile,2816210.0,-70.4,-33.24
7,7,Chile,2500590.0,-70.4,-33.24
8,7,Chile,2432500.0,-70.4,-33.24
9,7,Chile,1691280.0,-70.4,-33.24
10,7,Chile,2178890.0,-70.4,-33.24
11,7,Chile,2055480.0,-70.4,-33.24
12,7,Chile,1844540.0,-70.4,-33.24
1,6,China,620260.0,116.2,39.55
2,6,China,898290.0,116.2,39.55
3,7,China,1242100.0,116.2,39.55
4,7,China,4110500.0,116.2,39.55
5,6,China,811730.0,116.2,39.55
6,6,China,581420.0,116.2,39.55
7,6,China,772960.0,116.2,39.55
8,7,China,1057670.0,116.2,39.55
9,6,China,798270.0,116.2,39.55
10,6,China,757000.0,116.2,39.55
11,7,China,5389510.0,116.2,39.55
12,7,China,1369320.0,116.2,39.55
1,7,Colombia,5082180.0,-74.0,4.34
2,6,Colombia,851180.0,-74.0,4.34
3,6,Colombia,339740.0,-74.0,4.34
4,6,Colombia,446490.0,-74.0,4.34
5,6,Colombia,393850.0,-74.0,4.34
6,6,Colombia,928590.0,-74.0,4.34
7,7,Colombia,1300540.0,-74.0,4.34
8,6,Colombia,566910.0,-74.0,4.34
9,6,Colombia,522450.0,-74.0,4.34
10,6,Colombia,390460.0,-74.0,4.34
11,6,Colombia,382700.0,-74.0,4.34
12,6,Colombia,587110.0,-74.0,4.34
1,4,Comoros,2920.0,43.16,-11.4
2,4,Comoros,2040.0,43.16,-11.4
3,4,Comoros,1410.0,43.16,-11.4
4,4,Comoros,2020.0,43.16,-11.4
5,4,Comoros,2990.0,43.16,-11.4
6,4,Comoros,1570.0,43.16,-11.4
7,4,Comoros,3360.0,43.16,-11.4
8,4,Comoros,1780.0,43.16,-11.4
9,3,Comoros,690.0,43.16,-11.4
10,4,Comoros,3440.0,43.16,-11.4
11,4,Comoros,1320.0,43.16,-11.4
12,4,Comoros,1130.0,43.16,-11.4
1,5,Congo,12870.0,15.12,-4.09
2,4,Congo,2090.0,15.12,-4.09
3,5,Congo,12100.0,15.12,-4.09
4,0,Congo,0.0,15.12,-4.09
5,2,Congo,80.0,15.12,-4.09
6,0,Congo,0.0,15.12,-4.09
7,5,Congo,13010.0,15.12,-4.09
8,0,Congo,0.0,15.12,-4.09
9,4,Congo,6570.0,15.12,-4.09
10,2,Congo,60.0,15.12,-4.09
11,4,Congo,6080.0,15.12,-4.09
12,0,Congo,0.0,15.12,-4.09
1,7,Costa Rica,1210530.0,-84.02,9.55
2,6,Costa Rica,776220.0,-84.02,9.55
3,6,Costa Rica,245630.0,-84.02,9.55
4,6,Costa Rica,284090.0,-84.02,9.55
5,6,Costa Rica,344030.0,-84.02,9.55
6,6,Costa Rica,118940.0,-84.02,9.55
7,7,Costa Rica,1412860.0,-84.02,9.55
8,6,Costa Rica,386150.0,-84.02,9.55
9,6,Costa Rica,404740.0,-84.02,9.55
10,6,Costa Rica,285900.0,-84.02,9.55
11,6,Costa Rica,228780.0,-84.02,9.55
12,6,Costa Rica,213440.0,-84.02,9.55
1,5,Cote d'Ivoire,36250.0,-5.17,6.49
2,5,Cote d'Ivoire,11420.0,-5.17,6.49
3,4,Cote d'Ivoire,3490.0,-5.17,6.49
4,5,Cote d'Ivoire,17750.0,-5.17,6.49
5,5,Cote d'Ivoire,17700.0,-5.17,6.49
6,5,Cote d'Ivoire,18670.0,-5.17,6.49
7,5,Cote d'Ivoire,19030.0,-5.17,6.49
8,5,Cote d'Ivoire,14150.0,-5.17,6.49
9,5,Cote d'Ivoire,11370.0,-5.17,6.49
10,4,Cote d'Ivoire,7690.0,-5.17,6.49
11,4,Cote d'Ivoire,4770.0,-5.17,6.49
12,4,Cote d'Ivoire,7080.0,-5.17,6.49
1,7,Croatia,1716030.0,15.58,45.5
2,6,Croatia,579620.0,15.58,45.5
3,6,Croatia,441450.0,15.58,45.5
4,6,Croatia,326190.0,15.58,45.5
5,6,Croatia,297350.0,15.58,45.5
6,6,Croatia,298060.0,15.58,45.5
7,6,Croatia,383440.0,15.58,45.5
8,6,Croatia,356970.0,15.58,45.5
9,6,Croatia,346220.0,15.58,45.5
10,6,Croatia,229980.0,15.58,45.5
11,6,Croatia,227400.0,15.58,45.5
12,6,Croatia,283850.0,15.58,45.5
1,6,Cuba,630630.0,-82.22,23.08
2,6,Cuba,135700.0,-82.22,23.08
3,6,Cuba,177800.0,-82.22,23.08
4,5,Cuba,89810.0,-82.22,23.08
5,5,Cuba,47250.0,-82.22,23.08
6,5,Cuba,46550.0,-82.22,23.08
7,5,Cuba,64530.0,-82.22,23.08
8,5,Cuba,58230.0,-82.22,23.08
9,5,Cuba,53410.0,-82.22,23.08
10,5,Cuba,49520.0,-82.22,23.08
11,5,Cuba,53100.0,-82.22,23.08
12,5,Cuba,53360.0,-82.22,23.08
1,6,Cyprus,622010.0,33.25,35.1
2,6,Cyprus,528400.0,33.25,35.1
3,6,Cyprus,948530.0,33.25,35.1
4,6,Cyprus,358240.0,33.25,35.1
5,6,Cyprus,188900.0,33.25,35.1
6,6,Cyprus,300860.0,33.25,35.1
7,6,Cyprus,444750.0,33.25,35.1
8,6,Cyprus,331100.0,33.25,35.1
9,6,Cyprus,223700.0,33.25,35.1
10,6,Cyprus,243450.0,33.25,35.1
11,6,Cyprus,192240.0,33.25,35.1
12,6,Cyprus,260660.0,33.25,35.1
1,7,Czechia,6294730.0,14.22,50.05
2,7,Czechia,3199240.0,14.22,50.05
3,7,Czechia,2514900.0,14.22,50.05
4,7,Czechia,1220620.0,14.22,50.05
5,6,Czechia,869530.0,14.22,50.05
6,6,Czechia,730300.0,14.22,50.05
7,6,Czechia,951110.0,14.22,50.05
8,7,Czechia,1098360.0,14.22,50.05
9,7,Czechia,1345380.0,14.22,50.05
10,7,Czechia,1027500.0,14.22,50.05
11,7,Czechia,1018090.0,14.22,50.05
12,6,Czechia,877400.0,14.22,50.05
1,5,Democratic Republic of Congo,40690.0,15.15,-4.2
2,5,Democratic Republic of Congo,11880.0,15.15,-4.2
3,4,Democratic Republic of Congo,5320.0,15.15,-4.2
4,5,Democratic Republic of Congo,49050.0,15.15,-4.2
5,5,Democratic Republic of Congo,22670.0,15.15,-4.2
6,5,Democratic Republic of Congo,13830.0,15.15,-4.2
7,4,Democratic Republic of Congo,6530.0,15.15,-4.2
8,4,Democratic Republic of Congo,4610.0,15.15,-4.2
9,4,Democratic Republic of Congo,3210.0,15.15,-4.2
10,5,Democratic Republic of Congo,20200.0,15.15,-4.2
11,5,Democratic Republic of Congo,18600.0,15.15,-4.2
12,4,Democratic Republic of Congo,7210.0,15.15,-4.2
1,7,Denmark,8097270.0,12.34,55.41
2,7,Denmark,5677110.0,12.34,55.41
3,7,Denmark,1768160.0,12.34,55.41
4,7,Denmark,1368490.0,12.34,55.41
5,7,Denmark,1084240.0,12.34,55.41
6,7,Denmark,1126190.0,12.34,55.41
7,7,Denmark,1100230.0,12.34,55.41
8,7,Denmark,1141390.0,12.34,55.41
9,7,Denmark,1180140.0,12.34,55.41
10,7,Denmark,1122720.0,12.34,55.41
11,7,Denmark,1090200.0,12.34,55.41
12,7,Denmark,1078250.0,12.34,55.41
1,4,Djibouti,9630.0,42.2,11.08
2,3,Djibouti,370.0,42.2,11.08
3,3,Djibouti,820.0,42.2,11.08
4,3,Djibouti,780.0,42.2,11.08
5,4,Djibouti,1180.0,42.2,11.08
6,4,Djibouti,1130.0,42.2,11.08
7,4,Djibouti,1030.0,42.2,11.08
8,3,Djibouti,610.0,42.2,11.08
9,4,Djibouti,1100.0,42.2,11.08
10,4,Djibouti,1420.0,42.2,11.08
11,4,Djibouti,1000.0,42.2,11.08
12,4,Djibouti,1270.0,42.2,11.08
1,5,Dominica,19280.0,-61.24,15.2
2,4,Dominica,8050.0,-61.24,15.2
3,4,Dominica,5120.0,-61.24,15.2
4,4,Dominica,4820.0,-61.24,15.2
5,5,Dominica,16060.0,-61.24,15.2
6,4,Dominica,5160.0,-61.24,15.2
7,4,Dominica,4380.0,-61.24,15.2
8,4,Dominica,2380.0,-61.24,15.2
9,5,Dominica,14520.0,-61.24,15.2
10,4,Dominica,2520.0,-61.24,15.2
11,4,Dominica,4810.0,-61.24,15.2
12,4,Dominica,2360.0,-61.24,15.2
1,6,Dominican Republic,873970.0,-69.59,18.3
2,5,Dominican Republic,96990.0,-69.59,18.3
3,5,Dominican Republic,88530.0,-69.59,18.3
4,6,Dominican Republic,115440.0,-69.59,18.3
5,6,Dominican Republic,128440.0,-69.59,18.3
6,6,Dominican Republic,242150.0,-69.59,18.3
7,6,Dominican Republic,184360.0,-69.59,18.3
8,6,Dominican Republic,140620.0,-69.59,18.3
9,6,Dominican Republic,107500.0,-69.59,18.3
10,6,Dominican Republic,105440.0,-69.59,18.3
11,6,Dominican Republic,143960.0,-69.59,18.3
12,6,Dominican Republic,140220.0,-69.59,18.3
1,7,Ecuador,1552850.0,-78.35,-0.15
2,6,Ecuador,626260.0,-78.35,-0.15
3,6,Ecuador,369500.0,-78.35,-0.15
4,6,Ecuador,233340.0,-78.35,-0.15
5,6,Ecuador,174660.0,-78.35,-0.15
6,6,Ecuador,379850.0,-78.35,-0.15
7,6,Ecuador,467180.0,-78.35,-0.15
8,6,Ecuador,316590.0,-78.35,-0.15
9,6,Ecuador,133680.0,-78.35,-0.15
10,6,Ecuador,161550.0,-78.35,-0.15
11,6,Ecuador,166370.0,-78.35,-0.15
12,6,Ecuador,328620.0,-78.35,-0.15
1,6,Egypt,346190.0,31.14,30.01
2,6,Egypt,353170.0,31.14,30.01
3,6,Egypt,141560.0,31.14,30.01
4,6,Egypt,117620.0,31.14,30.01
5,5,Egypt,42140.0,31.14,30.01
6,5,Egypt,42340.0,31.14,30.01
7,5,Egypt,40160.0,31.14,30.01
8,5,Egypt,39060.0,31.14,30.01
9,5,Egypt,39870.0,31.14,30.01
10,5,Egypt,40010.0,31.14,30.01
11,5,Egypt,67650.0,31.14,30.01
12,5,Egypt,30930.0,31.14,30.01
1,6,El Salvador,120840.0,-89.1,13.4
2,6,El Salvador,212550.0,-89.1,13.4
3,5,El Salvador,53240.0,-89.1,13.4
4,0,El Salvador,0.0,-89.1,13.4
5,5,El Salvador,16460.0,-89.1,13.4
6,5,El Salvador,55120.0,-89.1,13.4
7,6,El Salvador,104180.0,-89.1,13.4
8,6,El Salvador,222910.0,-89.1,13.4
9,4,El Salvador,6100.0,-89.1,13.4
10,4,El Salvador,3030.0,-89.1,13.4
11,0,El Salvador,0.0,-89.1,13.4
12,4,El Salvador,3970.0,-89.1,13.4
1,0,England,0.0,-0.05,51.36
2,0,England,0.0,-0.05,51.36
3,0,England,0.0,-0.05,51.36
4,0,England,0.0,-0.05,51.36
5,0,England,0.0,-0.05,51.36
6,0,England,0.0,-0.05,51.36
7,0,England,0.0,-0.05,51.36
8,0,England,0.0,-0.05,51.36
9,0,England,0.0,-0.05,51.36
10,0,England,0.0,-0.05,51.36
11,0,England,0.0,-0.05,51.36
12,0,England,0.0,-0.05,51.36
1,5,Equatorial Guinea,10320.0,8.5,3.45
2,3,Equatorial Guinea,280.0,8.5,3.45
3,4,Equatorial Guinea,1100.0,8.5,3.45
4,3,Equatorial Guinea,480.0,8.5,3.45
5,4,Equatorial Guinea,2990.0,8.5,3.45
6,4,Equatorial Guinea,1090.0,8.5,3.45
7,4,Equatorial Guinea,7640.0,8.5,3.45
8,4,Equatorial Guinea,2730.0,8.5,3.45
9,3,Equatorial Guinea,540.0,8.5,3.45
10,4,Equatorial Guinea,6160.0,8.5,3.45
11,3,Equatorial Guinea,970.0,8.5,3.45
12,4,Equatorial Guinea,1430.0,8.5,3.45
1,4,Eritrea,9180.0,38.55,15.19
2,4,Eritrea,1260.0,38.55,15.19
3,3,Eritrea,620.0,38.55,15.19
4,3,Eritrea,990.0,38.55,15.19
5,3,Eritrea,940.0,38.55,15.19
6,3,Eritrea,960.0,38.55,15.19
7,4,Eritrea,2790.0,38.55,15.19
8,3,Eritrea,780.0,38.55,15.19
9,3,Eritrea,660.0,38.55,15.19
10,4,Eritrea,1030.0,38.55,15.19
11,4,Eritrea,1510.0,38.55,15.19
12,4,Eritrea,1060.0,38.55,15.19
1,6,Estonia,931470.0,24.48,59.22
2,6,Estonia,970270.0,24.48,59.22
3,6,Estonia,382990.0,24.48,59.22
4,6,Estonia,215710.0,24.48,59.22
5,6,Estonia,178380.0,24.48,59.22
6,6,Estonia,151110.0,24.48,59.22
7,6,Estonia,114410.0,24.48,59.22
8,6,Estonia,163260.0,24.48,59.22
9,6,Estonia,176600.0,24.48,59.22
10,6,Estonia,142250.0,24.48,59.22
11,6,Estonia,121900.0,24.48,59.22
12,6,Estonia,164180.0,24.48,59.22
1,5,Eswatini,11820.0,31.06,-26.18
2,4,Eswatini,5520.0,31.06,-26.18
3,4,Eswatini,7450.0,31.06,-26.18
4,5,Eswatini,12100.0,31.06,-26.18
5,5,Eswatini,13230.0,31.06,-26.18
6,4,Eswatini,5480.0,31.06,-26.18
7,4,Eswatini,3930.0,31.06,-26.18
8,4,Eswatini,2990.0,31.06,-26.18
9,4,Eswatini,3300.0,31.06,-26.18
10,4,Eswatini,4370.0,31.06,-26.18
11,4,Eswatini,5170.0,31.06,-26.18
12,4,Eswatini,3760.0,31.06,-26.18
1,6,Ethiopia,194210.0,38.42,9.02
2,5,Ethiopia,48240.0,38.42,9.02
3,5,Ethiopia,37350.0,38.42,9.02
4,5,Ethiopia,57510.0,38.42,9.02
5,5,Ethiopia,65360.0,38.42,9.02
6,6,Ethiopia,139820.0,38.42,9.02
7,5,Ethiopia,49110.0,38.42,9.02
8,5,Ethiopia,28480.0,38.42,9.02
9,5,Ethiopia,21460.0,38.42,9.02
10,5,Ethiopia,35980.0,38.42,9.02
11,5,Ethiopia,41490.0,38.42,9.02
12,5,Ethiopia,57580.0,38.42,9.02
1,3,Falkland Islands,350.0,-59.51,-51.4
2,3,Falkland Islands,230.0,-59.51,-51.4
3,2,Falkland Islands,60.0,-59.51,-51.4
4,3,Falkland Islands,730.0,-59.51,-51.4
5,4,Falkland Islands,5630.0,-59.51,-51.4
6,4,Falkland Islands,2970.0,-59.51,-51.4
7,2,Falkland Islands,40.0,-59.51,-51.4
8,3,Falkland Islands,360.0,-59.51,-51.4
9,3,Falkland Islands,440.0,-59.51,-51.4
10,3,Falkland Islands,200.0,-59.51,-51.4
11,3,Falkland Islands,100.0,-59.51,-51.4
12,4,Falkland Islands,7360.0,-59.51,-51.4
1,5,Fiji,53400.0,178.3,-18.06
2,4,Fiji,9590.0,178.3,-18.06
3,5,Fiji,12050.0,178.3,-18.06
4,4,Fiji,5980.0,178.3,-18.06
5,4,Fiji,9750.0,178.3,-18.06
6,4,Fiji,6600.0,178.3,-18.06
7,5,Fiji,14790.0,178.3,-18.06
8,5,Fiji,19210.0,178.3,-18.06
9,4,Fiji,2990.0,178.3,-18.06
10,4,Fiji,6280.0,178.3,-18.06
11,4,Fiji,5150.0,178.3,-18.06
12,4,Fiji,7910.0,178.3,-18.06
1,7,Finland,1802710.0,25.03,60.15
2,6,Finland,939580.0,25.03,60.15
3,7,Finland,1791920.0,25.03,60.15
4,7,Finland,1848750.0,25.03,60.15
5,6,Finland,686410.0,25.03,60.15
6,6,Finland,512220.0,25.03,60.15
7,6,Finland,971640.0,25.03,60.15
8,6,Finland,535490.0,25.03,60.15
9,6,Finland,500160.0,25.03,60.15
10,6,Finland,775300.0,25.03,60.15
11,6,Finland,844770.0,25.03,60.15
12,6,Finland,464810.0,25.03,60.15
1,8,France,74313060.0,2.2,48.5
2,8,France,18437260.0,2.2,48.5
3,8,France,29336650.0,2.2,48.5
4,8,France,25535620.0,2.2,48.5
5,8,France,17655910.0,2.2,48.5
6,8,France,23502820.0,2.2,48.5
7,8,France,22056410.0,2.2,48.5
8,8,France,15297480.0,2.2,48.5
9,8,France,13745690.0,2.2,48.5
10,8,France,16046680.0,2.2,48.5
11,8,France,17645770.0,2.2,48.5
12,8,France,19884640.0,2.2,48.5
1,5,French Polynesia,28050.0,-149.34,-17.32
2,6,French Polynesia,135370.0,-149.34,-17.32
3,5,French Polynesia,38150.0,-149.34,-17.32
4,4,French Polynesia,4510.0,-149.34,-17.32
5,4,French Polynesia,6710.0,-149.34,-17.32
6,4,French Polynesia,4140.0,-149.34,-17.32
7,5,French Polynesia,20900.0,-149.34,-17.32
8,5,French Polynesia,17430.0,-149.34,-17.32
9,5,French Polynesia,19960.0,-149.34,-17.32
10,4,French Polynesia,6980.0,-149.34,-17.32
11,5,French Polynesia,26530.0,-149.34,-17.32
12,4,French Polynesia,6550.0,-149.34,-17.32
1,5,Gabon,21480.0,9.26,0.25
2,4,Gabon,3620.0,9.26,0.25
3,4,Gabon,8620.0,9.26,0.25
4,4,Gabon,1150.0,9.26,0.25
5,3,Gabon,580.0,9.26,0.25
6,4,Gabon,2340.0,9.26,0.25
7,5,Gabon,17680.0,9.26,0.25
8,3,Gabon,600.0,9.26,0.25
9,4,Gabon,4140.0,9.26,0.25
10,4,Gabon,6430.0,9.26,0.25
11,3,Gabon,870.0,9.26,0.25
12,4,Gabon,4310.0,9.26,0.25
1,4,Gambia,7410.0,-16.4,13.28
2,3,Gambia,650.0,-16.4,13.28
3,3,Gambia,680.0,-16.4,13.28
4,4,Gambia,2290.0,-16.4,13.28
5,2,Gambia,70.0,-16.4,13.28
6,4,Gambia,4230.0,-16.4,13.28
7,3,Gambia,690.0,-16.4,13.28
8,4,Gambia,1360.0,-16.4,13.28
9,4,Gambia,2290.0,-16.4,13.28
10,4,Gambia,1130.0,-16.4,13.28
11,4,Gambia,3360.0,-16.4,13.28
12,0,Gambia,0.0,-16.4,13.28
1,7,Georgia,2374210.0,44.5,41.43
2,7,Georgia,1984780.0,44.5,41.43
3,6,Georgia,533190.0,44.5,41.43
4,6,Georgia,350020.0,44.5,41.43
5,6,Georgia,332390.0,44.5,41.43
6,6,Georgia,269300.0,44.5,41.43
7,6,Georgia,411330.0,44.5,41.43
8,6,Georgia,559630.0,44.5,41.43
9,6,Georgia,486940.0,44.5,41.43
10,6,Georgia,275150.0,44.5,41.43
11,6,Georgia,611380.0,44.5,41.43
12,6,Georgia,552470.0,44.5,41.43
1,8,Germany,30499650.0,13.25,52.3
2,8,Germany,34788580.0,13.25,52.3
3,8,Germany,51161690.0,13.25,52.3
4,8,Germany,31900900.0,13.25,52.3
5,8,Germany,14463460.0,13.25,52.3
6,8,Germany,21664470.0,13.25,52.3
7,8,Germany,31850780.0,13.25,52.3
8,8,Germany,13958870.0,13.25,52.3
9,8,Germany,18270910.0,13.25,52.3
10,8,Germany,23606410.0,13.25,52.3
11,8,Germany,16966440.0,13.25,52.3
12,8,Germany,13474680.0,13.25,52.3
1,5,Ghana,59280.0,-0.06,5.35
2,5,Ghana,30250.0,-0.06,5.35
3,5,Ghana,25450.0,-0.06,5.35
4,5,Ghana,13400.0,-0.06,5.35
5,5,Ghana,18290.0,-0.06,5.35
6,5,Ghana,42180.0,-0.06,5.35
7,5,Ghana,13180.0,-0.06,5.35
8,5,Ghana,21880.0,-0.06,5.35
9,5,Ghana,20650.0,-0.06,5.35
10,5,Ghana,20250.0,-0.06,5.35
11,4,Ghana,5680.0,-0.06,5.35
12,5,Ghana,10130.0,-0.06,5.35
1,7,Greece,5198650.0,23.46,37.58
2,7,Greece,4737280.0,23.46,37.58
3,7,Greece,5063810.0,23.46,37.58
4,7,Greece,3068940.0,23.46,37.58
5,7,Greece,1972240.0,23.46,37.58
6,7,Greece,3552810.0,23.46,37.58
7,7,Greece,6025920.0,23.46,37.58
8,7,Greece,3703660.0,23.46,37.58
9,7,Greece,3178630.0,23.46,37.58
10,7,Greece,2103760.0,23.46,37.58
11,7,Greece,2937930.0,23.46,37.58
12,7,Greece,1832710.0,23.46,37.58
1,5,Greenland,43900.0,-51.35,64.1
2,4,Greenland,3280.0,-51.35,64.1
3,4,Greenland,5570.0,-51.35,64.1
4,4,Greenland,3320.0,-51.35,64.1
5,4,Greenland,2700.0,-51.35,64.1
6,0,Greenland,0.0,-51.35,64.1
7,4,Greenland,6470.0,-51.35,64.1
8,4,Greenland,7180.0,-51.35,64.1
9,4,Greenland,5280.0,-51.35,64.1
10,4,Greenland,5260.0,-51.35,64.1
11,4,Greenland,6070.0,-51.35,64.1
12,4,Greenland,4570.0,-51.35,64.1
1,5,Grenada,42050.0,-61.7488,12.0561
2,4,Grenada,6460.0,-61.7488,12.0561
3,4,Grenada,5210.0,-61.7488,12.0561
4,5,Grenada,13670.0,-61.7488,12.0561
5,5,Grenada,21860.0,-61.7488,12.0561
6,4,Grenada,8530.0,-61.7488,12.0561
7,4,Grenada,5210.0,-61.7488,12.0561
8,4,Grenada,7820.0,-61.7488,12.0561
9,4,Grenada,4050.0,-61.7488,12.0561
10,4,Grenada,4820.0,-61.7488,12.0561
11,5,Grenada,12190.0,-61.7488,12.0561
12,4,Grenada,2930.0,-61.7488,12.0561
1,6,Guatemala,654560.0,-90.22,14.4
2,6,Guatemala,597380.0,-90.22,14.4
3,6,Guatemala,392120.0,-90.22,14.4
4,6,Guatemala,249910.0,-90.22,14.4
5,6,Guatemala,260300.0,-90.22,14.4
6,6,Guatemala,543030.0,-90.22,14.4
7,7,Guatemala,1057720.0,-90.22,14.4
8,6,Guatemala,539140.0,-90.22,14.4
9,6,Guatemala,361530.0,-90.22,14.4
10,6,Guatemala,271540.0,-90.22,14.4
11,6,Guatemala,295540.0,-90.22,14.4
12,6,Guatemala,534960.0,-90.22,14.4
1,0,Guernsey,0.0,-2.33,49.26
2,0,Guernsey,0.0,-2.33,49.26
3,0,Guernsey,0.0,-2.33,49.26
4,0,Guernsey,0.0,-2.33,49.26
5,0,Guernsey,0.0,-2.33,49.26
6,0,Guernsey,0.0,-2.33,49.26
7,0,Guernsey,0.0,-2.33,49.26
8,0,Guernsey,0.0,-2.33,49.26
9,0,Guernsey,0.0,-2.33,49.26
10,0,Guernsey,0.0,-2.33,49.26
11,0,Guernsey,0.0,-2.33,49.26
12,0,Guernsey,0.0,-2.33,49.26
1,5,Guinea,18360.0,-13.49,9.29
2,4,Guinea,3180.0,-13.49,9.29
3,4,Guinea,4980.0,-13.49,9.29
4,4,Guinea,3100.0,-13.49,9.29
5,4,Guinea,5640.0,-13.49,9.29
6,4,Guinea,3130.0,-13.49,9.29
7,5,Guinea,10190.0,-13.49,9.29
8,3,Guinea,320.0,-13.49,9.29
9,4,Guinea,6030.0,-13.49,9.29
10,4,Guinea,1140.0,-13.49,9.29
11,4,Guinea,2250.0,-13.49,9.29
12,4,Guinea,3270.0,-13.49,9.29
1,4,Guinea-Bissau,8200.0,-15.45,11.45
2,4,Guinea-Bissau,6110.0,-15.45,11.45
3,4,Guinea-Bissau,1490.0,-15.45,11.45
4,3,Guinea-Bissau,730.0,-15.45,11.45
5,3,Guinea-Bissau,740.0,-15.45,11.45
6,4,Guinea-Bissau,1730.0,-15.45,11.45
7,3,Guinea-Bissau,720.0,-15.45,11.45
8,4,Guinea-Bissau,1460.0,-15.45,11.45
9,3,Guinea-Bissau,210.0,-15.45,11.45
10,3,Guinea-Bissau,980.0,-15.45,11.45
11,3,Guinea-Bissau,810.0,-15.45,11.45
12,4,Guinea-Bissau,1450.0,-15.45,11.45
1,6,Guyana,137020.0,-58.12,6.5
2,5,Guyana,16100.0,-58.12,6.5
3,4,Guyana,7790.0,-58.12,6.5
4,5,Guyana,13270.0,-58.12,6.5
5,5,Guyana,22940.0,-58.12,6.5
6,5,Guyana,29510.0,-58.12,6.5
7,5,Guyana,25740.0,-58.12,6.5
8,5,Guyana,20990.0,-58.12,6.5
9,5,Guyana,14060.0,-58.12,6.5
10,4,Guyana,8890.0,-58.12,6.5
11,5,Guyana,11820.0,-58.12,6.5
12,5,Guyana,17770.0,-58.12,6.5
1,5,Haiti,24200.0,-72.2,18.4
2,4,Haiti,4990.0,-72.2,18.4
3,4,Haiti,3460.0,-72.2,18.4
4,4,Haiti,2360.0,-72.2,18.4
5,4,Haiti,3630.0,-72.2,18.4
6,4,Haiti,7830.0,-72.2,18.4
7,4,Haiti,6660.0,-72.2,18.4
8,4,Haiti,9520.0,-72.2,18.4
9,4,Haiti,3680.0,-72.2,18.4
10,4,Haiti,3100.0,-72.2,18.4
11,4,Haiti,1590.0,-72.2,18.4
12,4,Haiti,6570.0,-72.2,18.4
1,6,Honduras,127790.0,-87.14,14.05
2,6,Honduras,232760.0,-87.14,14.05
3,5,Honduras,53560.0,-87.14,14.05
4,5,Honduras,38680.0,-87.14,14.05
5,5,Honduras,25120.0,-87.14,14.05
6,5,Honduras,17490.0,-87.14,14.05
7,5,Honduras,93270.0,-87.14,14.05
8,6,Honduras,106350.0,-87.14,14.05
9,5,Honduras,21910.0,-87.14,14.05
10,5,Honduras,15180.0,-87.14,14.05
11,5,Honduras,24670.0,-87.14,14.05
12,6,Honduras,108350.0,-87.14,14.05
1,6,Hong Kong,992480.0,114.1694,22.3193
2,7,Hong Kong,3703660.0,114.1694,22.3193
3,7,Hong Kong,4159240.0,114.1694,22.3193
4,7,Hong Kong,1227690.0,114.1694,22.3193
5,7,Hong Kong,1120740.0,114.1694,22.3193
6,7,Hong Kong,1064900.0,114.1694,22.3193
7,7,Hong Kong,1565550.0,114.1694,22.3193
8,7,Hong Kong,2185300.0,114.1694,22.3193
9,7,Hong Kong,1815270.0,114.1694,22.3193
10,7,Hong Kong,1801700.0,114.1694,22.3193
11,7,Hong Kong,2133260.0,114.1694,22.3193
12,7,Hong Kong,4360050.0,114.1694,22.3193
1,7,Hungary,2603770.0,19.05,47.29
2,7,Hungary,1169650.0,19.05,47.29
3,6,Hungary,869700.0,19.05,47.29
4,6,Hungary,487390.0,19.05,47.29
5,6,Hungary,328250.0,19.05,47.29
6,6,Hungary,206360.0,19.05,47.29
7,6,Hungary,963570.0,19.05,47.29
8,6,Hungary,556340.0,19.05,47.29
9,6,Hungary,639100.0,19.05,47.29
10,6,Hungary,689650.0,19.05,47.29
11,6,Hungary,412020.0,19.05,47.29
12,6,Hungary,368210.0,19.05,47.29
1,6,Iceland,344330.0,-21.57,64.1
2,6,Iceland,482890.0,-21.57,64.1
3,6,Iceland,316670.0,-21.57,64.1
4,5,Iceland,75760.0,-21.57,64.1
5,5,Iceland,58730.0,-21.57,64.1
6,5,Iceland,57690.0,-21.57,64.1
7,6,Iceland,159320.0,-21.57,64.1
8,5,Iceland,79670.0,-21.57,64.1
9,5,Iceland,62060.0,-21.57,64.1
10,5,Iceland,94900.0,-21.57,64.1
11,5,Iceland,51320.0,-21.57,64.1
12,5,Iceland,28540.0,-21.57,64.1
1,8,India,53980280.0,77.13,28.37
2,7,India,5638910.0,77.13,28.37
3,7,India,2835030.0,77.13,28.37
4,7,India,2847630.0,77.13,28.37
5,7,India,3014540.0,77.13,28.37
6,7,India,4965550.0,77.13,28.37
7,7,India,6206220.0,77.13,28.37
8,7,India,5010150.0,77.13,28.37
9,7,India,3931580.0,77.13,28.37
10,7,India,3204400.0,77.13,28.37
11,7,India,3052350.0,77.13,28.37
12,7,India,3515680.0,77.13,28.37
1,7,Indonesia,1510000.0,106.49,-6.09
2,7,Indonesia,8822680.0,106.49,-6.09
3,7,Indonesia,2198890.0,106.49,-6.09
4,6,Indonesia,914730.0,106.49,-6.09
5,6,Indonesia,975390.0,106.49,-6.09
6,7,Indonesia,1134580.0,106.49,-6.09
7,7,Indonesia,1609480.0,106.49,-6.09
8,7,Indonesia,1771390.0,106.49,-6.09
9,7,Indonesia,1347410.0,106.49,-6.09
10,7,Indonesia,1277030.0,106.49,-6.09
11,7,Indonesia,1864530.0,106.49,-6.09
12,7,Indonesia,1144840.0,106.49,-6.09
1,7,Iran,2215740.0,51.3,35.44
2,7,Iran,3307300.0,51.3,35.44
3,7,Iran,1007380.0,51.3,35.44
4,6,Iran,831280.0,51.3,35.44
5,6,Iran,463460.0,51.3,35.44
6,6,Iran,577780.0,51.3,35.44
7,7,Iran,1964050.0,51.3,35.44
8,7,Iran,1192720.0,51.3,35.44
9,6,Iran,614280.0,51.3,35.44
10,6,Iran,592130.0,51.3,35.44
11,6,Iran,516680.0,51.3,35.44
12,6,Iran,384590.0,51.3,35.44
1,7,Iraq,1216950.0,44.3,33.2
2,6,Iraq,430490.0,44.3,33.2
3,6,Iraq,197230.0,44.3,33.2
4,6,Iraq,158580.0,44.3,33.2
5,6,Iraq,144380.0,44.3,33.2
6,6,Iraq,295120.0,44.3,33.2
7,6,Iraq,664240.0,44.3,33.2
8,6,Iraq,193330.0,44.3,33.2
9,6,Iraq,121100.0,44.3,33.2
10,5,Iraq,99200.0,44.3,33.2
11,6,Iraq,113840.0,44.3,33.2
12,5,Iraq,79210.0,44.3,33.2
1,7,Ireland,1816460.0,-6.15,53.21
2,6,Ireland,737760.0,-6.15,53.21
3,7,Ireland,1673830.0,-6.15,53.21
4,6,Ireland,645470.0,-6.15,53.21
5,6,Ireland,527970.0,-6.15,53.21
6,6,Ireland,728770.0,-6.15,53.21
7,6,Ireland,812090.0,-6.15,53.21
8,6,Ireland,478140.0,-6.15,53.21
9,6,Ireland,376280.0,-6.15,53.21
10,6,Ireland,196830.0,-6.15,53.21
11,6,Ireland,719680.0,-6.15,53.21
12,6,Ireland,333130.0,-6.15,53.21
1,8,Israel,13408820.0,-35.1,31.71
2,7,Israel,3521390.0,-35.1,31.71
3,7,Israel,3066630.0,-35.1,31.71
4,7,Israel,1273910.0,-35.1,31.71
5,7,Israel,1304390.0,-35.1,31.71
6,7,Israel,2711970.0,-35.1,31.71
7,7,Israel,2157010.0,-35.1,31.71
8,7,Israel,1197600.0,-35.1,31.71
9,6,Israel,961870.0,-35.1,31.71
10,7,Israel,1380370.0,-35.1,31.71
11,7,Israel,1230880.0,-35.1,31.71
12,7,Israel,1582600.0,-35.1,31.71
1,8,Italy,36311850.0,12.29,41.54
2,8,Italy,14826360.0,12.29,41.54
3,8,Italy,18197120.0,12.29,41.54
4,8,Italy,17345620.0,12.29,41.54
5,8,Italy,11664820.0,12.29,41.54
6,8,Italy,15415740.0,12.29,41.54
7,8,Italy,18819960.0,12.29,41.54
8,8,Italy,10698450.0,12.29,41.54
9,8,Italy,12186250.0,12.29,41.54
10,8,Italy,11109020.0,12.29,41.54
11,8,Italy,12444550.0,12.29,41.54
12,8,Italy,11160480.0,12.29,41.54
1,6,Jamaica,198010.0,-76.5,18.0
2,5,Jamaica,28540.0,-76.5,18.0
3,5,Jamaica,22520.0,-76.5,18.0
4,5,Jamaica,19870.0,-76.5,18.0
5,5,Jamaica,70440.0,-76.5,18.0
6,5,Jamaica,50730.0,-76.5,18.0
7,5,Jamaica,46720.0,-76.5,18.0
8,5,Jamaica,47890.0,-76.5,18.0
9,5,Jamaica,32220.0,-76.5,18.0
10,5,Jamaica,17840.0,-76.5,18.0
11,5,Jamaica,31150.0,-76.5,18.0
12,5,Jamaica,22450.0,-76.5,18.0
1,8,Japan,17293470.0,139.6503,35.6762
2,8,Japan,19963680.0,139.6503,35.6762
3,8,Japan,16962960.0,139.6503,35.6762
4,8,Japan,15149370.0,139.6503,35.6762
5,8,Japan,13356470.0,139.6503,35.6762
6,8,Japan,11340920.0,139.6503,35.6762
7,8,Japan,37898000.0,139.6503,35.6762
8,8,Japan,44735830.0,139.6503,35.6762
9,8,Japan,19392930.0,139.6503,35.6762
10,8,Japan,15836690.0,139.6503,35.6762
11,8,Japan,25010320.0,139.6503,35.6762
12,8,Japan,38073060.0,139.6503,35.6762
1,0,Jersey,0.0,-2105,49188
2,0,Jersey,0.0,-2105,49188
3,0,Jersey,0.0,-2105,49188
4,0,Jersey,0.0,-2105,49188
5,0,Jersey,0.0,-2105,49188
6,0,Jersey,0.0,-2105,49188
7,0,Jersey,0.0,-2105,49188
8,0,Jersey,0.0,-2105,49188
9,0,Jersey,0.0,-2105,49188
10,0,Jersey,0.0,-2105,49188
11,0,Jersey,0.0,-2105,49188
12,0,Jersey,0.0,-2105,49188
1,7,Jordan,1675700.0,35.52,31.57
2,7,Jordan,2000850.0,35.52,31.57
3,6,Jordan,599420.0,35.52,31.57
4,6,Jordan,264260.0,35.52,31.57
5,6,Jordan,192940.0,35.52,31.57
6,6,Jordan,202940.0,35.52,31.57
7,6,Jordan,473260.0,35.52,31.57
8,6,Jordan,443110.0,35.52,31.57
9,6,Jordan,290670.0,35.52,31.57
10,6,Jordan,243330.0,35.52,31.57
11,6,Jordan,225430.0,35.52,31.57
12,6,Jordan,224010.0,35.52,31.57
1,7,Kazakhstan,2398170.0,71.3,51.1
2,6,Kazakhstan,238470.0,71.3,51.1
3,6,Kazakhstan,151150.0,71.3,51.1
4,5,Kazakhstan,72390.0,71.3,51.1
5,5,Kazakhstan,39770.0,71.3,51.1
6,6,Kazakhstan,125180.0,71.3,51.1
7,6,Kazakhstan,466520.0,71.3,51.1
8,6,Kazakhstan,261610.0,71.3,51.1
9,5,Kazakhstan,94340.0,71.3,51.1
10,5,Kazakhstan,83260.0,71.3,51.1
11,5,Kazakhstan,99910.0,71.3,51.1
12,6,Kazakhstan,137350.0,71.3,51.1
1,5,Kenya,98140.0,36.48,-1.17
2,5,Kenya,26890.0,36.48,-1.17
3,5,Kenya,19000.0,36.48,-1.17
4,5,Kenya,35110.0,36.48,-1.17
5,5,Kenya,39370.0,36.48,-1.17
6,5,Kenya,97620.0,36.48,-1.17
7,5,Kenya,46570.0,36.48,-1.17
8,5,Kenya,25620.0,36.48,-1.17
9,5,Kenya,16230.0,36.48,-1.17
10,5,Kenya,22290.0,36.48,-1.17
11,5,Kenya,29780.0,36.48,-1.17
12,5,Kenya,18090.0,36.48,-1.17
1,4,Kiribati,6560.0,173.0,1.3
2,4,Kiribati,6140.0,173.0,1.3
3,4,Kiribati,2060.0,173.0,1.3
4,4,Kiribati,1510.0,173.0,1.3
5,4,Kiribati,4290.0,173.0,1.3
6,4,Kiribati,1900.0,173.0,1.3
7,4,Kiribati,4220.0,173.0,1.3
8,4,Kiribati,2210.0,173.0,1.3
9,4,Kiribati,2280.0,173.0,1.3
10,3,Kiribati,870.0,173.0,1.3
11,3,Kiribati,900.0,173.0,1.3
12,4,Kiribati,1380.0,173.0,1.3
1,6,Kosovo,451890.0,21.17,42.67
2,5,Kosovo,79750.0,21.17,42.67
3,5,Kosovo,45000.0,21.17,42.67
4,5,Kosovo,38500.0,21.17,42.67
5,5,Kosovo,36170.0,21.17,42.67
6,5,Kosovo,35570.0,21.17,42.67
7,6,Kosovo,241240.0,21.17,42.67
8,5,Kosovo,79410.0,21.17,42.67
9,5,Kosovo,26640.0,21.17,42.67
10,5,Kosovo,30010.0,21.17,42.67
11,5,Kosovo,21290.0,21.17,42.67
12,5,Kosovo,22520.0,21.17,42.67
1,7,Kuwait,1081990.0,48.0,29.3
2,6,Kuwait,285840.0,48.0,29.3
3,6,Kuwait,115970.0,48.0,29.3
4,5,Kuwait,81560.0,48.0,29.3
5,6,Kuwait,108550.0,48.0,29.3
6,6,Kuwait,158050.0,48.0,29.3
7,6,Kuwait,152460.0,48.0,29.3
8,5,Kuwait,93230.0,48.0,29.3
9,6,Kuwait,102600.0,48.0,29.3
10,6,Kuwait,108800.0,48.0,29.3
11,5,Kuwait,88850.0,48.0,29.3
12,5,Kuwait,78220.0,48.0,29.3
1,6,Kyrgyzstan,109690.0,74.46,42.54
2,5,Kyrgyzstan,18750.0,74.46,42.54
3,4,Kyrgyzstan,8340.0,74.46,42.54
4,4,Kyrgyzstan,1220.0,74.46,42.54
5,4,Kyrgyzstan,4620.0,74.46,42.54
6,4,Kyrgyzstan,4020.0,74.46,42.54
7,5,Kyrgyzstan,17840.0,74.46,42.54
8,5,Kyrgyzstan,22790.0,74.46,42.54
9,4,Kyrgyzstan,4630.0,74.46,42.54
10,4,Kyrgyzstan,6340.0,74.46,42.54
11,5,Kyrgyzstan,10320.0,74.46,42.54
12,5,Kyrgyzstan,10120.0,74.46,42.54
1,6,Laos,171700.0,102.36,17.58
2,5,Laos,83340.0,102.36,17.58
3,6,Laos,342860.0,102.36,17.58
4,6,Laos,125940.0,102.36,17.58
5,5,Laos,51370.0,102.36,17.58
6,5,Laos,30180.0,102.36,17.58
7,5,Laos,59130.0,102.36,17.58
8,5,Laos,56340.0,102.36,17.58
9,5,Laos,46250.0,102.36,17.58
10,5,Laos,28720.0,102.36,17.58
11,5,Laos,32040.0,102.36,17.58
12,5,Laos,39520.0,102.36,17.58
1,7,Latvia,1256730.0,24.08,56.53
2,7,Latvia,1693080.0,24.08,56.53
3,6,Latvia,842540.0,24.08,56.53
4,6,Latvia,359660.0,24.08,56.53
5,6,Latvia,311240.0,24.08,56.53
6,6,Latvia,234500.0,24.08,56.53
7,6,Latvia,334540.0,24.08,56.53
8,6,Latvia,457200.0,24.08,56.53
9,6,Latvia,481950.0,24.08,56.53
10,6,Latvia,356010.0,24.08,56.53
11,6,Latvia,318890.0,24.08,56.53
12,6,Latvia,325220.0,24.08,56.53
1,7,Lebanon,1431480.0,35.31,33.53
2,6,Lebanon,739220.0,35.31,33.53
3,6,Lebanon,271050.0,35.31,33.53
4,6,Lebanon,214140.0,35.31,33.53
5,6,Lebanon,204270.0,35.31,33.53
6,6,Lebanon,304800.0,35.31,33.53
7,6,Lebanon,668950.0,35.31,33.53
8,6,Lebanon,326230.0,35.31,33.53
9,6,Lebanon,192420.0,35.31,33.53
10,6,Lebanon,224150.0,35.31,33.53
11,6,Lebanon,184930.0,35.31,33.53
12,6,Lebanon,184210.0,35.31,33.53
1,5,Lesotho,20480.0,27.3,-29.18
2,4,Lesotho,7490.0,27.3,-29.18
3,4,Lesotho,5320.0,27.3,-29.18
4,3,Lesotho,470.0,27.3,-29.18
5,4,Lesotho,3050.0,27.3,-29.18
6,4,Lesotho,1920.0,27.3,-29.18
7,4,Lesotho,7440.0,27.3,-29.18
8,4,Lesotho,5050.0,27.3,-29.18
9,4,Lesotho,5120.0,27.3,-29.18
10,3,Lesotho,220.0,27.3,-29.18
11,4,Lesotho,4260.0,27.3,-29.18
12,0,Lesotho,0.0,27.3,-29.18
1,4,Liberia,2180.0,-10.47,6.18
2,3,Liberia,260.0,-10.47,6.18
3,3,Liberia,210.0,-10.47,6.18
4,4,Liberia,1620.0,-10.47,6.18
5,4,Liberia,4800.0,-10.47,6.18
6,3,Liberia,510.0,-10.47,6.18
7,4,Liberia,1080.0,-10.47,6.18
8,4,Liberia,3050.0,-10.47,6.18
9,3,Liberia,350.0,-10.47,6.18
10,3,Liberia,310.0,-10.47,6.18
11,4,Liberia,2460.0,-10.47,6.18
12,3,Liberia,820.0,-10.47,6.18
1,6,Libya,395970.0,13.07,32.49
2,6,Libya,353480.0,13.07,32.49
3,5,Libya,72580.0,13.07,32.49
4,5,Libya,53340.0,13.07,32.49
5,4,Libya,8230.0,13.07,32.49
6,5,Libya,56910.0,13.07,32.49
7,5,Libya,52640.0,13.07,32.49
8,5,Libya,49040.0,13.07,32.49
9,5,Libya,44200.0,13.07,32.49
10,5,Libya,47620.0,13.07,32.49
11,5,Libya,42550.0,13.07,32.49
12,4,Libya,7520.0,13.07,32.49
1,5,Liechtenstein,23620.0,9.31,47.08
2,5,Liechtenstein,20110.0,9.31,47.08
3,5,Liechtenstein,29300.0,9.31,47.08
4,5,Liechtenstein,10080.0,9.31,47.08
5,4,Liechtenstein,7440.0,9.31,47.08
6,4,Liechtenstein,8750.0,9.31,47.08
7,5,Liechtenstein,12270.0,9.31,47.08
8,4,Liechtenstein,6110.0,9.31,47.08
9,4,Liechtenstein,9060.0,9.31,47.08
10,4,Liechtenstein,8670.0,9.31,47.08
11,4,Liechtenstein,7840.0,9.31,47.08
12,4,Liechtenstein,8200.0,9.31,47.08
1,7,Lithuania,1707160.0,25.19,54.38
2,7,Lithuania,1407960.0,25.19,54.38
3,7,Lithuania,1063000.0,25.19,54.38
4,6,Lithuania,455480.0,25.19,54.38
5,6,Lithuania,334880.0,25.19,54.38
6,6,Lithuania,309820.0,25.19,54.38
7,6,Lithuania,368400.0,25.19,54.38
8,6,Lithuania,453190.0,25.19,54.38
9,6,Lithuania,546570.0,25.19,54.38
10,6,Lithuania,352400.0,25.19,54.38
11,6,Lithuania,308350.0,25.19,54.38
12,6,Lithuania,335850.0,25.19,54.38
1,6,Luxembourg,442010.0,6.09,49.37
2,6,Luxembourg,158600.0,6.09,49.37
3,6,Luxembourg,314760.0,6.09,49.37
4,6,Luxembourg,204650.0,6.09,49.37
5,6,Luxembourg,109940.0,6.09,49.37
6,6,Luxembourg,184440.0,6.09,49.37
7,6,Luxembourg,205530.0,6.09,49.37
8,5,Luxembourg,73000.0,6.09,49.37
9,5,Luxembourg,83520.0,6.09,49.37
10,6,Luxembourg,122790.0,6.09,49.37
11,5,Luxembourg,98010.0,6.09,49.37
12,5,Luxembourg,82550.0,6.09,49.37
1,3,Macao,650.0,113.5439,22.1987
2,3,Macao,280.0,113.5439,22.1987
3,3,Macao,340.0,113.5439,22.1987
4,3,Macao,210.0,113.5439,22.1987
5,3,Macao,680.0,113.5439,22.1987
6,4,Macao,1890.0,113.5439,22.1987
7,4,Macao,2290.0,113.5439,22.1987
8,3,Macao,300.0,113.5439,22.1987
9,3,Macao,510.0,113.5439,22.1987
10,3,Macao,650.0,113.5439,22.1987
11,3,Macao,760.0,113.5439,22.1987
12,5,Macao,15660.0,113.5439,22.1987
1,5,Madagascar,52180.0,47.31,-18.55
2,4,Madagascar,8930.0,47.31,-18.55
3,4,Madagascar,5450.0,47.31,-18.55
4,5,Madagascar,24610.0,47.31,-18.55
5,5,Madagascar,23880.0,47.31,-18.55
6,4,Madagascar,8360.0,47.31,-18.55
7,4,Madagascar,4590.0,47.31,-18.55
8,5,Madagascar,17910.0,47.31,-18.55
9,3,Madagascar,270.0,47.31,-18.55
10,4,Madagascar,4120.0,47.31,-18.55
11,4,Madagascar,6160.0,47.31,-18.55
12,5,Madagascar,18100.0,47.31,-18.55
1,5,Malawi,39950.0,33.48,-14.0
2,4,Malawi,7460.0,33.48,-14.0
3,4,Malawi,5360.0,33.48,-14.0
4,4,Malawi,7470.0,33.48,-14.0
5,5,Malawi,10920.0,33.48,-14.0
6,5,Malawi,13080.0,33.48,-14.0
7,5,Malawi,15210.0,33.48,-14.0
8,4,Malawi,9440.0,33.48,-14.0
9,4,Malawi,4440.0,33.48,-14.0
10,4,Malawi,4370.0,33.48,-14.0
11,4,Malawi,7260.0,33.48,-14.0
12,4,Malawi,7010.0,33.48,-14.0
1,7,Malaysia,1496270.0,101.41,3.09
2,7,Malaysia,4930610.0,101.41,3.09
3,7,Malaysia,4736350.0,101.41,3.09
4,7,Malaysia,1763750.0,101.41,3.09
5,7,Malaysia,1127490.0,101.41,3.09
6,7,Malaysia,1131780.0,101.41,3.09
7,7,Malaysia,1502490.0,101.41,3.09
8,7,Malaysia,1374580.0,101.41,3.09
9,7,Malaysia,1126920.0,101.41,3.09
10,7,Malaysia,1253520.0,101.41,3.09
11,7,Malaysia,1294020.0,101.41,3.09
12,6,Malaysia,949210.0,101.41,3.09
1,6,Maldives,422620.0,73.28,4.0
2,6,Maldives,149230.0,73.28,4.0
3,5,Maldives,52840.0,73.28,4.0
4,5,Maldives,51310.0,73.28,4.0
5,5,Maldives,27310.0,73.28,4.0
6,5,Maldives,42000.0,73.28,4.0
7,5,Maldives,32460.0,73.28,4.0
8,5,Maldives,24830.0,73.28,4.0
9,5,Maldives,19540.0,73.28,4.0
10,5,Maldives,24670.0,73.28,4.0
11,5,Maldives,33410.0,73.28,4.0
12,5,Maldives,19560.0,73.28,4.0
1,5,Mali,34030.0,-7.55,12.34
2,4,Mali,4470.0,-7.55,12.34
3,4,Mali,4230.0,-7.55,12.34
4,4,Mali,9140.0,-7.55,12.34
5,4,Mali,6390.0,-7.55,12.34
6,5,Mali,10090.0,-7.55,12.34
7,4,Mali,5920.0,-7.55,12.34
8,4,Mali,3010.0,-7.55,12.34
9,5,Mali,17420.0,-7.55,12.34
10,4,Mali,9940.0,-7.55,12.34
11,4,Mali,5950.0,-7.55,12.34
12,4,Mali,7030.0,-7.55,12.34
1,5,Malta,88900.0,14.31,35.54
2,5,Malta,41900.0,14.31,35.54
3,5,Malta,95700.0,14.31,35.54
4,5,Malta,75660.0,14.31,35.54
5,5,Malta,44630.0,14.31,35.54
6,6,Malta,101300.0,14.31,35.54
7,5,Malta,60450.0,14.31,35.54
8,5,Malta,31800.0,14.31,35.54
9,5,Malta,27200.0,14.31,35.54
10,5,Malta,24820.0,14.31,35.54
11,5,Malta,21220.0,14.31,35.54
12,5,Malta,25530.0,14.31,35.54
1,5,Mauritania,71000.0,57.3,-20.1
2,4,Mauritania,6220.0,57.3,-20.1
3,4,Mauritania,7130.0,57.3,-20.1
4,5,Mauritania,10620.0,57.3,-20.1
5,5,Mauritania,16930.0,57.3,-20.1
6,5,Mauritania,20190.0,57.3,-20.1
7,5,Mauritania,26490.0,57.3,-20.1
8,5,Mauritania,13550.0,57.3,-20.1
9,5,Mauritania,10050.0,57.3,-20.1
10,5,Mauritania,13100.0,57.3,-20.1
11,5,Mauritania,11870.0,57.3,-20.1
12,5,Mauritania,12680.0,57.3,-20.1
1,6,Mauritius,400940.0,-90.1994,38627
2,6,Mauritius,441260.0,-90.1994,38627
3,6,Mauritius,296860.0,-90.1994,38627
4,5,Mauritius,84080.0,-90.1994,38627
5,6,Mauritius,189910.0,-90.1994,38627
6,5,Mauritius,60120.0,-90.1994,38627
7,6,Mauritius,147820.0,-90.1994,38627
8,6,Mauritius,100280.0,-90.1994,38627
9,5,Mauritius,51680.0,-90.1994,38627
10,6,Mauritius,181760.0,-90.1994,38627
11,6,Mauritius,125350.0,-90.1994,38627
12,6,Mauritius,134940.0,-90.1994,38627
1,7,Mexico,8989720.0,-99.1,19.2
2,7,Mexico,2612180.0,-99.1,19.2
3,7,Mexico,1638940.0,-99.1,19.2
4,7,Mexico,1561950.0,-99.1,19.2
5,7,Mexico,1426360.0,-99.1,19.2
6,7,Mexico,3426510.0,-99.1,19.2
7,7,Mexico,5307590.0,-99.1,19.2
8,7,Mexico,2007030.0,-99.1,19.2
9,7,Mexico,1676580.0,-99.1,19.2
10,6,Mexico,520700.0,-99.1,19.2
11,7,Mexico,1051020.0,-99.1,19.2
12,7,Mexico,2340340.0,-99.1,19.2
1,4,Micronesia (country),5290.0,158161,6.9147
2,5,Micronesia (country),11250.0,158161,6.9147
3,5,Micronesia (country),44990.0,158161,6.9147
4,2,Micronesia (country),40.0,158161,6.9147
5,5,Micronesia (country),24610.0,158161,6.9147
6,5,Micronesia (country),30960.0,158161,6.9147
7,5,Micronesia (country),67040.0,158161,6.9147
8,4,Micronesia (country),8730.0,158161,6.9147
9,5,Micronesia (country),14380.0,158161,6.9147
10,4,Micronesia (country),8050.0,158161,6.9147
11,4,Micronesia (country),8510.0,158161,6.9147
12,4,Micronesia (country),3420.0,158161,6.9147
1,6,Moldova,634260.0,28.5,47.02
2,6,Moldova,247470.0,28.5,47.02
3,6,Moldova,217870.0,28.5,47.02
4,5,Moldova,91560.0,28.5,47.02
5,5,Moldova,68600.0,28.5,47.02
6,5,Moldova,67960.0,28.5,47.02
7,6,Moldova,177250.0,28.5,47.02
8,6,Moldova,274260.0,28.5,47.02
9,6,Moldova,141570.0,28.5,47.02
10,6,Moldova,160520.0,28.5,47.02
11,5,Moldova,63510.0,28.5,47.02
12,5,Moldova,59120.0,28.5,47.02
1,5,Monaco,21960.0,7.4246,43.7384
2,4,Monaco,5490.0,7.4246,43.7384
3,5,Monaco,11050.0,7.4246,43.7384
4,5,Monaco,12000.0,7.4246,43.7384
5,5,Monaco,12480.0,7.4246,43.7384
6,4,Monaco,8720.0,7.4246,43.7384
7,4,Monaco,7290.0,7.4246,43.7384
8,4,Monaco,4800.0,7.4246,43.7384
9,4,Monaco,5230.0,7.4246,43.7384
10,4,Monaco,7740.0,7.4246,43.7384
11,4,Monaco,7620.0,7.4246,43.7384
12,4,Monaco,6110.0,7.4246,43.7384
1,7,Mongolia,1365010.0,103.8467,46.8625
2,6,Mongolia,433550.0,103.8467,46.8625
3,6,Mongolia,131920.0,103.8467,46.8625
4,5,Mongolia,55500.0,103.8467,46.8625
5,6,Mongolia,121620.0,103.8467,46.8625
6,5,Mongolia,69180.0,103.8467,46.8625
7,6,Mongolia,196400.0,103.8467,46.8625
8,6,Mongolia,228100.0,103.8467,46.8625
9,5,Mongolia,87480.0,103.8467,46.8625
10,5,Mongolia,73860.0,103.8467,46.8625
11,6,Mongolia,224440.0,103.8467,46.8625
12,6,Mongolia,173560.0,103.8467,46.8625
1,6,Montenegro,275710.0,19.2594,42.4304
2,5,Montenegro,80570.0,19.2594,42.4304
3,5,Montenegro,58360.0,19.2594,42.4304
4,5,Montenegro,62630.0,19.2594,42.4304
5,5,Montenegro,63710.0,19.2594,42.4304
6,5,Montenegro,74520.0,19.2594,42.4304
7,6,Montenegro,195170.0,19.2594,42.4304
8,6,Montenegro,111960.0,19.2594,42.4304
9,5,Montenegro,73300.0,19.2594,42.4304
10,5,Montenegro,53700.0,19.2594,42.4304
11,5,Montenegro,50200.0,19.2594,42.4304
12,5,Montenegro,47390.0,19.2594,42.4304
1,7,Morocco,1249800.0,-6.8498,33.9716
2,6,Morocco,154770.0,-6.8498,33.9716
3,5,Morocco,78610.0,-6.8498,33.9716
4,5,Morocco,93840.0,-6.8498,33.9716
5,6,Morocco,151760.0,-6.8498,33.9716
6,6,Morocco,524670.0,-6.8498,33.9716
7,6,Morocco,292110.0,-6.8498,33.9716
8,6,Morocco,137800.0,-6.8498,33.9716
9,6,Morocco,108610.0,-6.8498,33.9716
10,5,Morocco,72710.0,-6.8498,33.9716
11,6,Morocco,125640.0,-6.8498,33.9716
12,5,Morocco,94710.0,-6.8498,33.9716
1,6,Mozambique,119770.0,32.32,-25.58
2,5,Mozambique,13880.0,32.32,-25.58
3,5,Mozambique,12520.0,32.32,-25.58
4,5,Mozambique,33600.0,32.32,-25.58
5,5,Mozambique,40990.0,32.32,-25.58
6,5,Mozambique,49860.0,32.32,-25.58
7,5,Mozambique,40430.0,32.32,-25.58
8,5,Mozambique,36380.0,32.32,-25.58
9,5,Mozambique,14110.0,32.32,-25.58
10,4,Mozambique,9320.0,32.32,-25.58
11,5,Mozambique,23010.0,32.32,-25.58
12,5,Mozambique,25030.0,32.32,-25.58
1,5,Myanmar,66580.0,96.2,16.45
2,6,Myanmar,451380.0,96.2,16.45
3,5,Myanmar,93490.0,96.2,16.45
4,5,Myanmar,31320.0,96.2,16.45
5,5,Myanmar,49570.0,96.2,16.45
6,5,Myanmar,24470.0,96.2,16.45
7,5,Myanmar,29760.0,96.2,16.45
8,5,Myanmar,43900.0,96.2,16.45
9,5,Myanmar,88130.0,96.2,16.45
10,5,Myanmar,74450.0,96.2,16.45
11,5,Myanmar,41000.0,96.2,16.45
12,5,Myanmar,34440.0,96.2,16.45
1,5,Namibia,40370.0,17.04,-22.35
2,5,Namibia,14510.0,17.04,-22.35
3,4,Namibia,6830.0,17.04,-22.35
4,5,Namibia,14630.0,17.04,-22.35
5,5,Namibia,80880.0,17.04,-22.35
6,5,Namibia,14800.0,17.04,-22.35
7,4,Namibia,7050.0,17.04,-22.35
8,4,Namibia,5850.0,17.04,-22.35
9,4,Namibia,5540.0,17.04,-22.35
10,5,Namibia,24480.0,17.04,-22.35
11,5,Namibia,11610.0,17.04,-22.35
12,4,Namibia,9080.0,17.04,-22.35
1,7,Nepal,1205730.0,85.2,27.45
2,5,Nepal,76500.0,85.2,27.45
3,5,Nepal,45210.0,85.2,27.45
4,5,Nepal,30330.0,85.2,27.45
5,5,Nepal,24890.0,85.2,27.45
6,5,Nepal,28090.0,85.2,27.45
7,5,Nepal,83650.0,85.2,27.45
8,5,Nepal,75100.0,85.2,27.45
9,5,Nepal,44360.0,85.2,27.45
10,5,Nepal,37810.0,85.2,27.45
11,5,Nepal,35840.0,85.2,27.45
12,5,Nepal,38180.0,85.2,27.45
1,8,Netherlands,12418450.0,4.54,52.23
2,7,Netherlands,7990350.0,4.54,52.23
3,7,Netherlands,9089080.0,4.54,52.23
4,7,Netherlands,2259160.0,4.54,52.23
5,7,Netherlands,2340320.0,4.54,52.23
6,7,Netherlands,2876350.0,4.54,52.23
7,7,Netherlands,5855110.0,4.54,52.23
8,7,Netherlands,2381710.0,4.54,52.23
9,7,Netherlands,2456360.0,4.54,52.23
10,7,Netherlands,2441540.0,4.54,52.23
11,7,Netherlands,2257100.0,4.54,52.23
12,7,Netherlands,1900180.0,4.54,52.23
1,5,New Caledonia,94550.0,166.3,-22.17
2,6,New Caledonia,221510.0,166.3,-22.17
3,5,New Caledonia,36690.0,166.3,-22.17
4,5,New Caledonia,23730.0,166.3,-22.17
5,5,New Caledonia,20500.0,166.3,-22.17
6,5,New Caledonia,28590.0,166.3,-22.17
7,5,New Caledonia,76660.0,166.3,-22.17
8,5,New Caledonia,48740.0,166.3,-22.17
9,5,New Caledonia,37960.0,166.3,-22.17
10,5,New Caledonia,15090.0,166.3,-22.17
11,5,New Caledonia,30650.0,166.3,-22.17
12,5,New Caledonia,34850.0,166.3,-22.17
1,6,New Zealand,687470.0,174.46,-41.19
2,7,New Zealand,1704370.0,174.46,-41.19
3,7,New Zealand,3730750.0,174.46,-41.19
4,7,New Zealand,2388330.0,174.46,-41.19
5,7,New Zealand,1826650.0,174.46,-41.19
6,7,New Zealand,2047850.0,174.46,-41.19
7,7,New Zealand,2122120.0,174.46,-41.19
8,7,New Zealand,1314200.0,174.46,-41.19
9,6,New Zealand,660030.0,174.46,-41.19
10,7,New Zealand,1082510.0,174.46,-41.19
11,7,New Zealand,1956060.0,174.46,-41.19
12,7,New Zealand,1287030.0,174.46,-41.19
1,4,Nicaragua,1220.0,-86.2,12.06
2,4,Nicaragua,3090.0,-86.2,12.06
3,4,Nicaragua,1610.0,-86.2,12.06
4,4,Nicaragua,1160.0,-86.2,12.06
5,4,Nicaragua,1090.0,-86.2,12.06
6,4,Nicaragua,1810.0,-86.2,12.06
7,3,Nicaragua,990.0,-86.2,12.06
8,3,Nicaragua,980.0,-86.2,12.06
9,4,Nicaragua,2350.0,-86.2,12.06
10,4,Nicaragua,1110.0,-86.2,12.06
11,3,Nicaragua,720.0,-86.2,12.06
12,4,Nicaragua,1890.0,-86.2,12.06
1,4,Niger,4450.0,2.06,13.27
2,3,Niger,790.0,2.06,13.27
3,4,Niger,1110.0,2.06,13.27
4,4,Niger,1980.0,2.06,13.27
5,3,Niger,490.0,2.06,13.27
6,3,Niger,180.0,2.06,13.27
7,4,Niger,3150.0,2.06,13.27
8,4,Niger,2900.0,2.06,13.27
9,4,Niger,1060.0,2.06,13.27
10,4,Niger,1050.0,2.06,13.27
11,4,Niger,1140.0,2.06,13.27
12,4,Niger,2380.0,2.06,13.27
1,5,Nigeria,54350.0,7.32,9.05
2,5,Nigeria,16030.0,7.32,9.05
3,5,Nigeria,18990.0,7.32,9.05
4,4,Nigeria,7860.0,7.32,9.05
5,5,Nigeria,12950.0,7.32,9.05
6,5,Nigeria,21570.0,7.32,9.05
7,5,Nigeria,35390.0,7.32,9.05
8,5,Nigeria,24260.0,7.32,9.05
9,5,Nigeria,24540.0,7.32,9.05
10,4,Nigeria,8620.0,7.32,9.05
11,5,Nigeria,13270.0,7.32,9.05
12,5,Nigeria,11150.0,7.32,9.05
1,0,North Korea,0.0,125.3,39.09
2,0,North Korea,0.0,125.3,39.09
3,0,North Korea,0.0,125.3,39.09
4,0,North Korea,0.0,125.3,39.09
5,2,North Korea,10.0,125.3,39.09
6,0,North Korea,0.0,125.3,39.09
7,0,North Korea,0.0,125.3,39.09
8,0,North Korea,0.0,125.3,39.09
9,0,North Korea,0.0,125.3,39.09
10,0,North Korea,0.0,125.3,39.09
11,0,North Korea,0.0,125.3,39.09
12,0,North Korea,0.0,125.3,39.09
1,6,North Macedonia,357270.0,21.26,42.01
2,6,North Macedonia,149780.0,21.26,42.01
3,5,North Macedonia,76630.0,21.26,42.01
4,5,North Macedonia,60650.0,21.26,42.01
5,5,North Macedonia,63070.0,21.26,42.01
6,5,North Macedonia,54980.0,21.26,42.01
7,6,North Macedonia,131290.0,21.26,42.01
8,6,North Macedonia,103480.0,21.26,42.01
9,5,North Macedonia,58880.0,21.26,42.01
10,5,North Macedonia,43240.0,21.26,42.01
11,5,North Macedonia,51840.0,21.26,42.01
12,5,North Macedonia,54670.0,21.26,42.01
1,0,Northern Ireland,0.0,-6.4923,54.7877
2,0,Northern Ireland,0.0,-6.4923,54.7877
3,0,Northern Ireland,0.0,-6.4923,54.7877
4,0,Northern Ireland,0.0,-6.4923,54.7877
5,0,Northern Ireland,0.0,-6.4923,54.7877
6,0,Northern Ireland,0.0,-6.4923,54.7877
7,0,Northern Ireland,0.0,-6.4923,54.7877
8,0,Northern Ireland,0.0,-6.4923,54.7877
9,0,Northern Ireland,0.0,-6.4923,54.7877
10,0,Northern Ireland,0.0,-6.4923,54.7877
11,0,Northern Ireland,0.0,-6.4923,54.7877
12,0,Northern Ireland,0.0,-6.4923,54.7877
1,7,Norway,3522610.0,10.45,59.55
2,7,Norway,2684800.0,10.45,59.55
3,6,Norway,955940.0,10.45,59.55
4,6,Norway,495480.0,10.45,59.55
5,6,Norway,343580.0,10.45,59.55
6,6,Norway,345620.0,10.45,59.55
7,6,Norway,380980.0,10.45,59.55
8,6,Norway,461790.0,10.45,59.55
9,6,Norway,408520.0,10.45,59.55
10,6,Norway,419270.0,10.45,59.55
11,6,Norway,430740.0,10.45,59.55
12,6,Norway,358850.0,10.45,59.55
1,6,Oman,321200.0,58.36,23.37
2,6,Oman,250680.0,58.36,23.37
3,5,Oman,51240.0,58.36,23.37
4,5,Oman,16340.0,58.36,23.37
5,5,Oman,19260.0,58.36,23.37
6,5,Oman,78830.0,58.36,23.37
7,5,Oman,68730.0,58.36,23.37
8,5,Oman,37100.0,58.36,23.37
9,5,Oman,45520.0,58.36,23.37
10,5,Oman,29690.0,58.36,23.37
11,4,Oman,9950.0,58.36,23.37
12,4,Oman,8110.0,58.36,23.37
1,7,Pakistan,1268280.0,73.1,33.4
2,6,Pakistan,364170.0,73.1,33.4
3,6,Pakistan,158900.0,73.1,33.4
4,6,Pakistan,108070.0,73.1,33.4
5,6,Pakistan,107540.0,73.1,33.4
6,6,Pakistan,132480.0,73.1,33.4
7,6,Pakistan,172540.0,73.1,33.4
8,6,Pakistan,148730.0,73.1,33.4
9,5,Pakistan,90660.0,73.1,33.4
10,5,Pakistan,88090.0,73.1,33.4
11,5,Pakistan,74190.0,73.1,33.4
12,5,Pakistan,84740.0,73.1,33.4
1,5,Palau,18150.0,134.28,7.2
2,4,Palau,8760.0,134.28,7.2
3,4,Palau,3980.0,134.28,7.2
4,4,Palau,7460.0,134.28,7.2
5,4,Palau,5990.0,134.28,7.2
6,4,Palau,1790.0,134.28,7.2
7,4,Palau,2420.0,134.28,7.2
8,4,Palau,2160.0,134.28,7.2
9,4,Palau,1940.0,134.28,7.2
10,4,Palau,1920.0,134.28,7.2
11,4,Palau,3480.0,134.28,7.2
12,4,Palau,1560.0,134.28,7.2
1,6,Palestine,631140.0,35.2137,31.7683
2,6,Palestine,666400.0,35.2137,31.7683
3,6,Palestine,139020.0,35.2137,31.7683
4,5,Palestine,58200.0,35.2137,31.7683
5,4,Palestine,8720.0,35.2137,31.7683
6,5,Palestine,22330.0,35.2137,31.7683
7,6,Palestine,432850.0,35.2137,31.7683
8,6,Palestine,197960.0,35.2137,31.7683
9,5,Palestine,84570.0,35.2137,31.7683
10,5,Palestine,80220.0,35.2137,31.7683
11,4,Palestine,7190.0,35.2137,31.7683
12,4,Palestine,6200.0,35.2137,31.7683
1,7,Panama,1800110.0,-79.25,9.0
2,6,Panama,193830.0,-79.25,9.0
3,6,Panama,257610.0,-79.25,9.0
4,6,Panama,192010.0,-79.25,9.0
5,6,Panama,771090.0,-79.25,9.0
6,6,Panama,488080.0,-79.25,9.0
7,6,Panama,224480.0,-79.25,9.0
8,6,Panama,464340.0,-79.25,9.0
9,6,Panama,141790.0,-79.25,9.0
10,6,Panama,149980.0,-79.25,9.0
11,6,Panama,230740.0,-79.25,9.0
12,6,Panama,364520.0,-79.25,9.0
1,4,Papua New Guinea,9620.0,147.08,-9.24
2,5,Papua New Guinea,32120.0,147.08,-9.24
3,5,Papua New Guinea,18160.0,147.08,-9.24
4,4,Papua New Guinea,3790.0,147.08,-9.24
5,4,Papua New Guinea,6240.0,147.08,-9.24
6,4,Papua New Guinea,2720.0,147.08,-9.24
7,4,Papua New Guinea,7820.0,147.08,-9.24
8,4,Papua New Guinea,1150.0,147.08,-9.24
9,4,Papua New Guinea,4150.0,147.08,-9.24
10,4,Papua New Guinea,6800.0,147.08,-9.24
11,4,Papua New Guinea,5930.0,147.08,-9.24
12,4,Papua New Guinea,6550.0,147.08,-9.24
1,7,Paraguay,1148980.0,-57.3,-25.1
2,6,Paraguay,265210.0,-57.3,-25.1
3,6,Paraguay,744230.0,-57.3,-25.1
4,5,Paraguay,29380.0,-57.3,-25.1
5,6,Paraguay,128100.0,-57.3,-25.1
6,5,Paraguay,81920.0,-57.3,-25.1
7,6,Paraguay,377260.0,-57.3,-25.1
8,5,Paraguay,54440.0,-57.3,-25.1
9,5,Paraguay,44030.0,-57.3,-25.1
10,6,Paraguay,209600.0,-57.3,-25.1
11,5,Paraguay,23490.0,-57.3,-25.1
12,6,Paraguay,154500.0,-57.3,-25.1
1,7,Peru,8294020.0,-77.0,-12.0
2,7,Peru,1692450.0,-77.0,-12.0
3,6,Peru,670840.0,-77.0,-12.0
4,6,Peru,657680.0,-77.0,-12.0
5,6,Peru,606560.0,-77.0,-12.0
6,6,Peru,837080.0,-77.0,-12.0
7,7,Peru,2866320.0,-77.0,-12.0
8,7,Peru,1490040.0,-77.0,-12.0
9,6,Peru,775470.0,-77.0,-12.0
10,6,Peru,616500.0,-77.0,-12.0
11,7,Peru,1521480.0,-77.0,-12.0
12,7,Peru,1611870.0,-77.0,-12.0
1,7,Philippines,5305400.0,121.03,14.4
2,6,Philippines,516630.0,121.03,14.4
3,6,Philippines,331850.0,121.03,14.4
4,6,Philippines,298740.0,121.03,14.4
5,6,Philippines,346180.0,121.03,14.4
6,6,Philippines,488560.0,121.03,14.4
7,6,Philippines,982450.0,121.03,14.4
8,7,Philippines,1000110.0,121.03,14.4
9,6,Philippines,844120.0,121.03,14.4
10,6,Philippines,820840.0,121.03,14.4
11,6,Philippines,642510.0,121.03,14.4
12,6,Philippines,633590.0,121.03,14.4
1,7,Poland,7158320.0,21.0,52.13
2,7,Poland,3786870.0,21.0,52.13
3,7,Poland,2379850.0,21.0,52.13
4,6,Poland,994220.0,21.0,52.13
5,6,Poland,934390.0,21.0,52.13
6,6,Poland,812410.0,21.0,52.13
7,6,Poland,992140.0,21.0,52.13
8,7,Poland,1351560.0,21.0,52.13
9,7,Poland,1675860.0,21.0,52.13
10,6,Poland,949470.0,21.0,52.13
11,6,Poland,756230.0,21.0,52.13
12,6,Poland,811320.0,21.0,52.13
1,8,Portugal,10754570.0,-9.1,38.42
2,7,Portugal,3719200.0,-9.1,38.42
3,7,Portugal,3392370.0,-9.1,38.42
4,7,Portugal,2997210.0,-9.1,38.42
5,7,Portugal,6525700.0,-9.1,38.42
6,7,Portugal,3984090.0,-9.1,38.42
7,7,Portugal,2699590.0,-9.1,38.42
8,7,Portugal,1925550.0,-9.1,38.42
9,7,Portugal,1593590.0,-9.1,38.42
10,7,Portugal,1294640.0,-9.1,38.42
11,7,Portugal,1396220.0,-9.1,38.42
12,7,Portugal,1361390.0,-9.1,38.42
1,0,Puerto Rico,0.0,-66.07,18.28
2,0,Puerto Rico,0.0,-66.07,18.28
3,0,Puerto Rico,0.0,-66.07,18.28
4,0,Puerto Rico,0.0,-66.07,18.28
5,0,Puerto Rico,0.0,-66.07,18.28
6,0,Puerto Rico,0.0,-66.07,18.28
7,0,Puerto Rico,0.0,-66.07,18.28
8,0,Puerto Rico,0.0,-66.07,18.28
9,0,Puerto Rico,0.0,-66.07,18.28
10,0,Puerto Rico,0.0,-66.07,18.28
11,0,Puerto Rico,0.0,-66.07,18.28
12,0,Puerto Rico,0.0,-66.07,18.28
1,6,Qatar,622050.0,51.35,25.15
2,6,Qatar,134940.0,51.35,25.15
3,5,Qatar,87120.0,51.35,25.15
4,5,Qatar,89190.0,51.35,25.15
5,6,Qatar,107280.0,51.35,25.15
6,6,Qatar,183380.0,51.35,25.15
7,6,Qatar,273020.0,51.35,25.15
8,6,Qatar,197930.0,51.35,25.15
9,6,Qatar,230770.0,51.35,25.15
10,6,Qatar,180700.0,51.35,25.15
11,6,Qatar,143510.0,51.35,25.15
12,6,Qatar,139110.0,51.35,25.15
1,7,Romania,4134920.0,26.1,44.27
2,7,Romania,2446260.0,26.1,44.27
3,7,Romania,1185570.0,26.1,44.27
4,6,Romania,799680.0,26.1,44.27
5,6,Romania,628620.0,26.1,44.27
6,6,Romania,458280.0,26.1,44.27
7,7,Romania,1526250.0,26.1,44.27
8,7,Romania,1280840.0,26.1,44.27
9,6,Romania,776620.0,26.1,44.27
10,6,Romania,554340.0,26.1,44.27
11,6,Romania,654980.0,26.1,44.27
12,6,Romania,549530.0,26.1,44.27
1,8,Russia,15273090.0,37.35,55.45
2,8,Russia,28223840.0,37.35,55.45
3,7,Russia,9364780.0,37.35,55.45
4,7,Russia,5570600.0,37.35,55.45
5,7,Russia,4809680.0,37.35,55.45
6,7,Russia,4423510.0,37.35,55.45
7,7,Russia,5179910.0,37.35,55.45
8,8,Russia,10662250.0,37.35,55.45
9,8,Russia,12443890.0,37.35,55.45
10,7,Russia,5694030.0,37.35,55.45
11,7,Russia,4910060.0,37.35,55.45
12,7,Russia,5145460.0,37.35,55.45
1,5,Rwanda,67320.0,30.04,-1.59
2,5,Rwanda,13710.0,30.04,-1.59
3,5,Rwanda,13230.0,30.04,-1.59
4,5,Rwanda,16500.0,30.04,-1.59
5,5,Rwanda,13930.0,30.04,-1.59
6,5,Rwanda,20680.0,30.04,-1.59
7,5,Rwanda,17030.0,30.04,-1.59
8,5,Rwanda,12400.0,30.04,-1.59
9,4,Rwanda,8290.0,30.04,-1.59
10,4,Rwanda,9200.0,30.04,-1.59
11,4,Rwanda,9340.0,30.04,-1.59
12,4,Rwanda,9970.0,30.04,-1.59
1,5,Saint Kitts and Nevis,10670.0,-62.43,17.17
2,4,Saint Kitts and Nevis,2590.0,-62.43,17.17
3,4,Saint Kitts and Nevis,1120.0,-62.43,17.17
4,4,Saint Kitts and Nevis,1170.0,-62.43,17.17
5,4,Saint Kitts and Nevis,3380.0,-62.43,17.17
6,4,Saint Kitts and Nevis,4610.0,-62.43,17.17
7,4,Saint Kitts and Nevis,4090.0,-62.43,17.17
8,4,Saint Kitts and Nevis,2070.0,-62.43,17.17
9,4,Saint Kitts and Nevis,1400.0,-62.43,17.17
10,3,Saint Kitts and Nevis,910.0,-62.43,17.17
11,4,Saint Kitts and Nevis,1480.0,-62.43,17.17
12,4,Saint Kitts and Nevis,2140.0,-62.43,17.17
1,5,Saint Lucia,53250.0,-60.58,14.02
2,5,Saint Lucia,12770.0,-60.58,14.02
3,4,Saint Lucia,7380.0,-60.58,14.02
4,4,Saint Lucia,7690.0,-60.58,14.02
5,5,Saint Lucia,20460.0,-60.58,14.02
6,4,Saint Lucia,9510.0,-60.58,14.02
7,4,Saint Lucia,9550.0,-60.58,14.02
8,5,Saint Lucia,11170.0,-60.58,14.02
9,5,Saint Lucia,10120.0,-60.58,14.02
10,4,Saint Lucia,5340.0,-60.58,14.02
11,4,Saint Lucia,6710.0,-60.58,14.02
12,4,Saint Lucia,7760.0,-60.58,14.02
1,4,Saint Pierre and Miquelon,9460.0,-56.12,46.46
2,3,Saint Pierre and Miquelon,520.0,-56.12,46.46
3,4,Saint Pierre and Miquelon,6480.0,-56.12,46.46
4,4,Saint Pierre and Miquelon,2470.0,-56.12,46.46
5,3,Saint Pierre and Miquelon,600.0,-56.12,46.46
6,3,Saint Pierre and Miquelon,140.0,-56.12,46.46
7,4,Saint Pierre and Miquelon,3150.0,-56.12,46.46
8,4,Saint Pierre and Miquelon,2990.0,-56.12,46.46
9,4,Saint Pierre and Miquelon,2480.0,-56.12,46.46
10,3,Saint Pierre and Miquelon,550.0,-56.12,46.46
11,4,Saint Pierre and Miquelon,2640.0,-56.12,46.46
12,4,Saint Pierre and Miquelon,1010.0,-56.12,46.46
1,5,Saint Vincent and the Grenadines,29680.0,-61.1,13.1
2,4,Saint Vincent and the Grenadines,3200.0,-61.1,13.1
3,3,Saint Vincent and the Grenadines,800.0,-61.1,13.1
4,4,Saint Vincent and the Grenadines,1820.0,-61.1,13.1
5,4,Saint Vincent and the Grenadines,2540.0,-61.1,13.1
6,4,Saint Vincent and the Grenadines,4020.0,-61.1,13.1
7,4,Saint Vincent and the Grenadines,3570.0,-61.1,13.1
8,3,Saint Vincent and the Grenadines,520.0,-61.1,13.1
9,3,Saint Vincent and the Grenadines,370.0,-61.1,13.1
10,4,Saint Vincent and the Grenadines,1070.0,-61.1,13.1
11,4,Saint Vincent and the Grenadines,3420.0,-61.1,13.1
12,4,Saint Vincent and the Grenadines,1310.0,-61.1,13.1
1,4,Samoa,5020.0,-171.5,-13.5
2,4,Samoa,2200.0,-171.5,-13.5
3,5,Samoa,25800.0,-171.5,-13.5
4,5,Samoa,58220.0,-171.5,-13.5
5,5,Samoa,25830.0,-171.5,-13.5
6,4,Samoa,8810.0,-171.5,-13.5
7,4,Samoa,8760.0,-171.5,-13.5
8,4,Samoa,8830.0,-171.5,-13.5
9,4,Samoa,3050.0,-171.5,-13.5
10,4,Samoa,4030.0,-171.5,-13.5
11,4,Samoa,4640.0,-171.5,-13.5
12,4,Samoa,4600.0,-171.5,-13.5
1,5,San Marino,31050.0,12.3,43.55
2,4,San Marino,8340.0,12.3,43.55
3,5,San Marino,13420.0,12.3,43.55
4,5,San Marino,11720.0,12.3,43.55
5,4,San Marino,8960.0,12.3,43.55
6,5,San Marino,12110.0,12.3,43.55
7,5,San Marino,15590.0,12.3,43.55
8,4,San Marino,4270.0,12.3,43.55
9,5,San Marino,10260.0,12.3,43.55
10,5,San Marino,10850.0,12.3,43.55
11,4,San Marino,6950.0,12.3,43.55
12,5,San Marino,14540.0,12.3,43.55
1,4,Sao Tome and Principe,6890.0,6.39,0.1
2,3,Sao Tome and Principe,340.0,6.39,0.1
3,3,Sao Tome and Principe,460.0,6.39,0.1
4,4,Sao Tome and Principe,1040.0,6.39,0.1
5,3,Sao Tome and Principe,780.0,6.39,0.1
6,4,Sao Tome and Principe,1710.0,6.39,0.1
7,4,Sao Tome and Principe,2860.0,6.39,0.1
8,4,Sao Tome and Principe,3570.0,6.39,0.1
9,4,Sao Tome and Principe,2060.0,6.39,0.1
10,3,Sao Tome and Principe,570.0,6.39,0.1
11,4,Sao Tome and Principe,1420.0,6.39,0.1
12,4,Sao Tome and Principe,2150.0,6.39,0.1
1,7,Saudi Arabia,1011260.0,46.42,24.41
2,6,Saudi Arabia,265050.0,46.42,24.41
3,6,Saudi Arabia,102330.0,46.42,24.41
4,6,Saudi Arabia,104980.0,46.42,24.41
5,6,Saudi Arabia,187460.0,46.42,24.41
6,6,Saudi Arabia,265430.0,46.42,24.41
7,6,Saudi Arabia,188780.0,46.42,24.41
8,6,Saudi Arabia,108580.0,46.42,24.41
9,6,Saudi Arabia,112320.0,46.42,24.41
10,6,Saudi Arabia,145650.0,46.42,24.41
11,6,Saudi Arabia,109880.0,46.42,24.41
12,6,Saudi Arabia,105960.0,46.42,24.41
1,0,Scotland,0.0,-3.1883,559533.0
2,0,Scotland,0.0,-3.1883,559533.0
3,0,Scotland,0.0,-3.1883,559533.0
4,0,Scotland,0.0,-3.1883,559533.0
5,0,Scotland,0.0,-3.1883,559533.0
6,0,Scotland,0.0,-3.1883,559533.0
7,0,Scotland,0.0,-3.1883,559533.0
8,0,Scotland,0.0,-3.1883,559533.0
9,0,Scotland,0.0,-3.1883,559533.0
10,0,Scotland,0.0,-3.1883,559533.0
11,0,Scotland,0.0,-3.1883,559533.0
12,0,Scotland,0.0,-3.1883,559533.0
1,5,Senegal,46270.0,-17.29,14.34
2,4,Senegal,7620.0,-17.29,14.34
3,4,Senegal,5370.0,-17.29,14.34
4,4,Senegal,4190.0,-17.29,14.34
5,4,Senegal,7910.0,-17.29,14.34
6,4,Senegal,7820.0,-17.29,14.34
7,5,Senegal,18240.0,-17.29,14.34
8,5,Senegal,11430.0,-17.29,14.34
9,4,Senegal,9500.0,-17.29,14.34
10,4,Senegal,7380.0,-17.29,14.34
11,4,Senegal,5470.0,-17.29,14.34
12,4,Senegal,7250.0,-17.29,14.34
1,7,Serbia,3312600.0,20.37,44.5
2,7,Serbia,1143220.0,20.37,44.5
3,6,Serbia,732660.0,20.37,44.5
4,6,Serbia,521830.0,20.37,44.5
5,6,Serbia,447470.0,20.37,44.5
6,6,Serbia,456660.0,20.37,44.5
7,7,Serbia,1136360.0,20.37,44.5
8,7,Serbia,1256460.0,20.37,44.5
9,6,Serbia,819870.0,20.37,44.5
10,6,Serbia,577720.0,20.37,44.5
11,6,Serbia,380660.0,20.37,44.5
12,6,Serbia,770020.0,20.37,44.5
1,4,Sierra Leone,1820.0,-13.17,8.3
2,3,Sierra Leone,850.0,-13.17,8.3
3,3,Sierra Leone,490.0,-13.17,8.3
4,3,Sierra Leone,580.0,-13.17,8.3
5,3,Sierra Leone,410.0,-13.17,8.3
6,3,Sierra Leone,630.0,-13.17,8.3
7,3,Sierra Leone,530.0,-13.17,8.3
8,3,Sierra Leone,440.0,-13.17,8.3
9,3,Sierra Leone,520.0,-13.17,8.3
10,3,Sierra Leone,230.0,-13.17,8.3
11,2,Sierra Leone,20.0,-13.17,8.3
12,3,Sierra Leone,440.0,-13.17,8.3
1,7,Singapore,1303790.0,103.8198,1.3521
2,7,Singapore,3314480.0,103.8198,1.3521
3,7,Singapore,2131140.0,103.8198,1.3521
4,7,Singapore,1148760.0,103.8198,1.3521
5,7,Singapore,1357310.0,103.8198,1.3521
6,7,Singapore,1655070.0,103.8198,1.3521
7,7,Singapore,2402770.0,103.8198,1.3521
8,7,Singapore,1033620.0,103.8198,1.3521
9,7,Singapore,1338510.0,103.8198,1.3521
10,7,Singapore,1802250.0,103.8198,1.3521
11,6,Singapore,859140.0,103.8198,1.3521
12,6,Singapore,881250.0,103.8198,1.3521
1,7,Slovakia,2149240.0,17.07,48.1
2,7,Slovakia,3269910.0,17.07,48.1
3,7,Slovakia,2180610.0,17.07,48.1
4,6,Slovakia,810780.0,17.07,48.1
5,6,Slovakia,571770.0,17.07,48.1
6,6,Slovakia,474300.0,17.07,48.1
7,6,Slovakia,499480.0,17.07,48.1
8,6,Slovakia,503830.0,17.07,48.1
9,6,Slovakia,898590.0,17.07,48.1
10,6,Slovakia,573650.0,17.07,48.1
11,6,Slovakia,473990.0,17.07,48.1
12,6,Slovakia,499070.0,17.07,48.1
1,7,Slovenia,2318050.0,14.33,46.04
2,6,Slovenia,846630.0,14.33,46.04
3,6,Slovenia,798730.0,14.33,46.04
4,6,Slovenia,482980.0,14.33,46.04
5,6,Slovenia,379820.0,14.33,46.04
6,6,Slovenia,376640.0,14.33,46.04
7,6,Slovenia,533620.0,14.33,46.04
8,6,Slovenia,563060.0,14.33,46.04
9,6,Slovenia,625390.0,14.33,46.04
10,6,Slovenia,510630.0,14.33,46.04
11,6,Slovenia,401110.0,14.33,46.04
12,6,Slovenia,597280.0,14.33,46.04
1,5,Solomon Islands,56240.0,159.57,-9.27
2,5,Solomon Islands,34280.0,159.57,-9.27
3,5,Solomon Islands,31690.0,159.57,-9.27
4,5,Solomon Islands,27730.0,159.57,-9.27
5,5,Solomon Islands,19930.0,159.57,-9.27
6,4,Solomon Islands,3970.0,159.57,-9.27
7,4,Solomon Islands,8020.0,159.57,-9.27
8,0,Solomon Islands,0.0,159.57,-9.27
9,4,Solomon Islands,8170.0,159.57,-9.27
10,5,Solomon Islands,21410.0,159.57,-9.27
11,5,Solomon Islands,31300.0,159.57,-9.27
12,4,Solomon Islands,2800.0,159.57,-9.27
1,5,Somalia,19070.0,45.25,2.02
2,4,Somalia,1160.0,45.25,2.02
3,3,Somalia,120.0,45.25,2.02
4,3,Somalia,140.0,45.25,2.02
5,4,Somalia,8370.0,45.25,2.02
6,4,Somalia,2380.0,45.25,2.02
7,4,Somalia,2530.0,45.25,2.02
8,3,Somalia,760.0,45.25,2.02
9,4,Somalia,1940.0,45.25,2.02
10,3,Somalia,350.0,45.25,2.02
11,3,Somalia,860.0,45.25,2.02
12,0,Somalia,0.0,45.25,2.02
1,6,South Africa,875050.0,28.12,-25.44
2,6,South Africa,516680.0,28.12,-25.44
3,6,South Africa,453840.0,28.12,-25.44
4,6,South Africa,762740.0,28.12,-25.44
5,7,South Africa,1198230.0,28.12,-25.44
6,6,South Africa,396120.0,28.12,-25.44
7,6,South Africa,360010.0,28.12,-25.44
8,6,South Africa,257870.0,28.12,-25.44
9,6,South Africa,246680.0,28.12,-25.44
10,6,South Africa,247440.0,28.12,-25.44
11,6,South Africa,326130.0,28.12,-25.44
12,6,South Africa,268370.0,28.12,-25.44
1,8,South Korea,10656730.0,126.58,37.31
2,8,South Korea,27667860.0,126.58,37.31
3,8,South Korea,75975650.0,126.58,37.31
4,8,South Korea,23255140.0,126.58,37.31
5,8,South Korea,13693040.0,126.58,37.31
6,7,South Korea,9848960.0,126.58,37.31
7,8,South Korea,20143480.0,126.58,37.31
8,8,South Korea,30874760.0,126.58,37.31
9,8,South Korea,16470360.0,126.58,37.31
10,8,South Korea,13486570.0,126.58,37.31
11,8,South Korea,19718060.0,126.58,37.31
12,8,South Korea,23024860.0,126.58,37.31
1,4,South Sudan,4940.0,31.5713,4.8594
2,4,South Sudan,6760.0,31.5713,4.8594
3,4,South Sudan,2300.0,31.5713,4.8594
4,4,South Sudan,6530.0,31.5713,4.8594
5,4,South Sudan,2200.0,31.5713,4.8594
6,4,South Sudan,1710.0,31.5713,4.8594
7,4,South Sudan,1610.0,31.5713,4.8594
8,3,South Sudan,270.0,31.5713,4.8594
9,3,South Sudan,340.0,31.5713,4.8594
10,4,South Sudan,2500.0,31.5713,4.8594
11,4,South Sudan,1790.0,31.5713,4.8594
12,3,South Sudan,310.0,31.5713,4.8594
1,8,Spain,24877230.0,-3.45,40.25
2,7,Spain,5265580.0,-3.45,40.25
3,7,Spain,8549270.0,-3.45,40.25
4,7,Spain,4001020.0,-3.45,40.25
5,7,Spain,5236410.0,-3.45,40.25
6,7,Spain,3169670.0,-3.45,40.25
7,7,Spain,7140590.0,-3.45,40.25
8,7,Spain,2478180.0,-3.45,40.25
9,7,Spain,2310670.0,-3.45,40.25
10,7,Spain,4803470.0,-3.45,40.25
11,7,Spain,2619330.0,-3.45,40.25
12,7,Spain,3460060.0,-3.45,40.25
1,5,Sudan,91610.0,32.35,15.31
2,5,Sudan,23620.0,32.35,15.31
3,4,Sudan,5930.0,32.35,15.31
4,4,Sudan,9530.0,32.35,15.31
5,4,Sudan,2790.0,32.35,15.31
6,4,Sudan,4170.0,32.35,15.31
7,4,Sudan,6540.0,32.35,15.31
8,4,Sudan,3500.0,32.35,15.31
9,3,Sudan,870.0,32.35,15.31
10,5,Sudan,11480.0,32.35,15.31
11,4,Sudan,6630.0,32.35,15.31
12,4,Sudan,5010.0,32.35,15.31
1,6,Suriname,134280.0,-55.1,5.5
2,5,Suriname,21130.0,-55.1,5.5
3,5,Suriname,17010.0,-55.1,5.5
4,5,Suriname,13460.0,-55.1,5.5
5,5,Suriname,16690.0,-55.1,5.5
6,5,Suriname,10090.0,-55.1,5.5
7,5,Suriname,13680.0,-55.1,5.5
8,4,Suriname,9920.0,-55.1,5.5
9,4,Suriname,7110.0,-55.1,5.5
10,5,Suriname,19340.0,-55.1,5.5
11,5,Suriname,16400.0,-55.1,5.5
12,5,Suriname,12240.0,-55.1,5.5
1,7,Sweden,6918540.0,18.03,59.2
2,6,Sweden,877170.0,18.03,59.2
3,6,Sweden,637050.0,18.03,59.2
4,6,Sweden,880210.0,18.03,59.2
5,6,Sweden,227410.0,18.03,59.2
6,6,Sweden,209810.0,18.03,59.2
7,6,Sweden,660270.0,18.03,59.2
8,6,Sweden,965880.0,18.03,59.2
9,6,Sweden,368080.0,18.03,59.2
10,6,Sweden,332330.0,18.03,59.2
11,6,Sweden,941670.0,18.03,59.2
12,6,Sweden,582360.0,18.03,59.2
1,7,Switzerland,6993650.0,7.28,46.57
2,7,Switzerland,3524550.0,7.28,46.57
3,7,Switzerland,5395820.0,7.28,46.57
4,7,Switzerland,1554030.0,7.28,46.57
5,7,Switzerland,1243730.0,7.28,46.57
6,7,Switzerland,1398110.0,7.28,46.57
7,7,Switzerland,2526090.0,7.28,46.57
8,7,Switzerland,1244310.0,7.28,46.57
9,7,Switzerland,1290970.0,7.28,46.57
10,7,Switzerland,2023960.0,7.28,46.57
11,7,Switzerland,1756460.0,7.28,46.57
12,7,Switzerland,1717330.0,7.28,46.57
1,5,Syria,11340.0,36.18,33.3
2,5,Syria,22120.0,36.18,33.3
3,4,Syria,6050.0,36.18,33.3
4,4,Syria,3150.0,36.18,33.3
5,4,Syria,2500.0,36.18,33.3
6,4,Syria,2350.0,36.18,33.3
7,4,Syria,4350.0,36.18,33.3
8,4,Syria,7460.0,36.18,33.3
9,4,Syria,3950.0,36.18,33.3
10,4,Syria,2900.0,36.18,33.3
11,4,Syria,2890.0,36.18,33.3
12,4,Syria,2390.0,36.18,33.3
1,7,Taiwan,2862370.0,121.5654,25033
2,7,Taiwan,2610620.0,121.5654,25033
3,7,Taiwan,2859110.0,121.5654,25033
4,7,Taiwan,3547770.0,121.5654,25033
5,8,Taiwan,17271830.0,121.5654,25033
6,8,Taiwan,11425400.0,121.5654,25033
7,7,Taiwan,7181420.0,121.5654,25033
8,7,Taiwan,7077110.0,121.5654,25033
9,8,Taiwan,11259510.0,121.5654,25033
10,7,Taiwan,9913140.0,121.5654,25033
11,7,Taiwan,5851590.0,121.5654,25033
12,7,Taiwan,6443440.0,121.5654,25033
1,4,Tajikistan,2230.0,68.48,38.33
2,3,Tajikistan,290.0,68.48,38.33
3,2,Tajikistan,50.0,68.48,38.33
4,2,Tajikistan,40.0,68.48,38.33
5,0,Tajikistan,0.0,68.48,38.33
6,0,Tajikistan,0.0,68.48,38.33
7,3,Tajikistan,120.0,68.48,38.33
8,2,Tajikistan,40.0,68.48,38.33
9,2,Tajikistan,40.0,68.48,38.33
10,2,Tajikistan,60.0,68.48,38.33
11,2,Tajikistan,60.0,68.48,38.33
12,0,Tajikistan,0.0,68.48,38.33
1,5,Tanzania,28000.0,35.45,-6.08
2,4,Tanzania,1840.0,35.45,-6.08
3,4,Tanzania,4440.0,35.45,-6.08
4,3,Tanzania,210.0,35.45,-6.08
5,5,Tanzania,15700.0,35.45,-6.08
6,4,Tanzania,5640.0,35.45,-6.08
7,5,Tanzania,15530.0,35.45,-6.08
8,4,Tanzania,5070.0,35.45,-6.08
9,4,Tanzania,5840.0,35.45,-6.08
10,5,Tanzania,21610.0,35.45,-6.08
11,4,Tanzania,9100.0,35.45,-6.08
12,5,Tanzania,17470.0,35.45,-6.08
1,7,Thailand,2298250.0,100.35,13.45
2,7,Thailand,3951800.0,100.35,13.45
3,7,Thailand,5484850.0,100.35,13.45
4,7,Thailand,4090020.0,100.35,13.45
5,7,Thailand,1832430.0,100.35,13.45
6,7,Thailand,1197480.0,100.35,13.45
7,7,Thailand,1230680.0,100.35,13.45
8,7,Thailand,1130740.0,100.35,13.45
9,6,Thailand,975310.0,100.35,13.45
10,6,Thailand,956660.0,100.35,13.45
11,7,Thailand,1023460.0,100.35,13.45
12,6,Thailand,905470.0,100.35,13.45
1,4,Timor,2740.0,125.34,-8.29
2,5,Timor,12360.0,125.34,-8.29
3,4,Timor,1040.0,125.34,-8.29
4,3,Timor,970.0,125.34,-8.29
5,4,Timor,1490.0,125.34,-8.29
6,4,Timor,1420.0,125.34,-8.29
7,4,Timor,1660.0,125.34,-8.29
8,4,Timor,3650.0,125.34,-8.29
9,4,Timor,2620.0,125.34,-8.29
10,4,Timor,2780.0,125.34,-8.29
11,4,Timor,2890.0,125.34,-8.29
12,4,Timor,1920.0,125.34,-8.29
1,5,Togo,15020.0,1.2,6.09
2,5,Togo,12720.0,1.2,6.09
3,4,Togo,4130.0,1.2,6.09
4,4,Togo,4020.0,1.2,6.09
5,4,Togo,9970.0,1.2,6.09
6,4,Togo,8310.0,1.2,6.09
7,5,Togo,10650.0,1.2,6.09
8,4,Togo,6480.0,1.2,6.09
9,4,Togo,4670.0,1.2,6.09
10,4,Togo,6720.0,1.2,6.09
11,4,Togo,3780.0,1.2,6.09
12,4,Togo,5330.0,1.2,6.09
1,4,Tonga,2210.0,-174.0,-21.1
2,5,Tonga,15620.0,-174.0,-21.1
3,5,Tonga,54010.0,-174.0,-21.1
4,5,Tonga,18150.0,-174.0,-21.1
5,5,Tonga,13060.0,-174.0,-21.1
6,4,Tonga,8060.0,-174.0,-21.1
7,4,Tonga,8750.0,-174.0,-21.1
8,5,Tonga,22020.0,-174.0,-21.1
9,4,Tonga,1810.0,-174.0,-21.1
10,4,Tonga,1920.0,-174.0,-21.1
11,5,Tonga,12130.0,-174.0,-21.1
12,4,Tonga,4360.0,-174.0,-21.1
1,6,Trinidad and Tobago,157240.0,-61.5086,10.6603
2,6,Trinidad and Tobago,104690.0,-61.5086,10.6603
3,5,Trinidad and Tobago,78770.0,-61.5086,10.6603
4,6,Trinidad and Tobago,104510.0,-61.5086,10.6603
5,6,Trinidad and Tobago,115540.0,-61.5086,10.6603
6,5,Trinidad and Tobago,67130.0,-61.5086,10.6603
7,5,Trinidad and Tobago,64190.0,-61.5086,10.6603
8,5,Trinidad and Tobago,77980.0,-61.5086,10.6603
9,5,Trinidad and Tobago,49290.0,-61.5086,10.6603
10,5,Trinidad and Tobago,44770.0,-61.5086,10.6603
11,5,Trinidad and Tobago,38920.0,-61.5086,10.6603
12,5,Trinidad and Tobago,38310.0,-61.5086,10.6603
1,7,Tunisia,1632370.0,10.11,36.5
2,6,Tunisia,349010.0,10.11,36.5
3,6,Tunisia,270290.0,10.11,36.5
4,6,Tunisia,103200.0,10.11,36.5
5,6,Tunisia,149480.0,10.11,36.5
6,6,Tunisia,301680.0,10.11,36.5
7,6,Tunisia,467150.0,10.11,36.5
8,6,Tunisia,237590.0,10.11,36.5
9,5,Tunisia,86050.0,10.11,36.5
10,6,Tunisia,107800.0,10.11,36.5
11,6,Tunisia,107630.0,10.11,36.5
12,6,Tunisia,402130.0,10.11,36.5
1,8,Turkey,16382700.0,32.54,39.57
2,8,Turkey,15490510.0,32.54,39.57
3,7,Turkey,5383580.0,32.54,39.57
4,7,Turkey,3805290.0,32.54,39.57
5,7,Turkey,2389960.0,32.54,39.57
6,7,Turkey,6475420.0,32.54,39.57
7,7,Turkey,9141370.0,32.54,39.57
8,7,Turkey,5993710.0,32.54,39.57
9,7,Turkey,2562010.0,32.54,39.57
10,7,Turkey,2239130.0,32.54,39.57
11,7,Turkey,2354860.0,32.54,39.57
12,7,Turkey,2152340.0,32.54,39.57
1,0,Turkmenistan,0.0,57.5,38.0
2,0,Turkmenistan,0.0,57.5,38.0
3,0,Turkmenistan,0.0,57.5,38.0
4,0,Turkmenistan,0.0,57.5,38.0
5,0,Turkmenistan,0.0,57.5,38.0
6,0,Turkmenistan,0.0,57.5,38.0
7,0,Turkmenistan,0.0,57.5,38.0
8,0,Turkmenistan,0.0,57.5,38.0
9,0,Turkmenistan,0.0,57.5,38.0
10,0,Turkmenistan,0.0,57.5,38.0
11,0,Turkmenistan,0.0,57.5,38.0
12,0,Turkmenistan,0.0,57.5,38.0
1,0,Tuvalu,0.0,179.13,-8.31
2,0,Tuvalu,0.0,179.13,-8.31
3,0,Tuvalu,0.0,179.13,-8.31
4,0,Tuvalu,0.0,179.13,-8.31
5,4,Tuvalu,1430.0,179.13,-8.31
6,0,Tuvalu,0.0,179.13,-8.31
7,0,Tuvalu,0.0,179.13,-8.31
8,3,Tuvalu,170.0,179.13,-8.31
9,4,Tuvalu,3030.0,179.13,-8.31
10,2,Tuvalu,30.0,179.13,-8.31
11,5,Tuvalu,23620.0,179.13,-8.31
12,0,Tuvalu,0.0,179.13,-8.31
1,5,Uganda,78390.0,32.3,0.2
2,5,Uganda,28750.0,32.3,0.2
3,5,Uganda,19450.0,32.3,0.2
4,5,Uganda,11520.0,32.3,0.2
5,5,Uganda,21250.0,32.3,0.2
6,5,Uganda,46920.0,32.3,0.2
7,5,Uganda,11050.0,32.3,0.2
8,5,Uganda,26360.0,32.3,0.2
9,5,Uganda,13220.0,32.3,0.2
10,5,Uganda,12010.0,32.3,0.2
11,5,Uganda,13330.0,32.3,0.2
12,5,Uganda,10230.0,32.3,0.2
1,7,Ukraine,4158920.0,30.28,50.3
2,7,Ukraine,4119180.0,30.28,50.3
3,7,Ukraine,1347190.0,30.28,50.3
4,6,Ukraine,720680.0,30.28,50.3
5,6,Ukraine,678600.0,30.28,50.3
6,7,Ukraine,1016830.0,30.28,50.3
7,6,Ukraine,443200.0,30.28,50.3
8,6,Ukraine,768570.0,30.28,50.3
9,7,Ukraine,1656090.0,30.28,50.3
10,7,Ukraine,1739470.0,30.28,50.3
11,6,Ukraine,845180.0,30.28,50.3
12,6,Ukraine,661150.0,30.28,50.3
1,6,United Arab Emirates,624380.0,54.22,24.28
2,6,United Arab Emirates,230720.0,54.22,24.28
3,6,United Arab Emirates,165970.0,54.22,24.28
4,6,United Arab Emirates,145140.0,54.22,24.28
5,6,United Arab Emirates,168700.0,54.22,24.28
6,6,United Arab Emirates,382310.0,54.22,24.28
7,6,United Arab Emirates,348810.0,54.22,24.28
8,6,United Arab Emirates,218900.0,54.22,24.28
9,6,United Arab Emirates,169780.0,54.22,24.28
10,6,United Arab Emirates,155300.0,54.22,24.28
11,6,United Arab Emirates,130660.0,54.22,24.28
12,6,United Arab Emirates,110040.0,54.22,24.28
1,8,United States,131277440.0,-77.02,39.91
2,8,United States,25327040.0,-77.02,39.91
3,8,United States,24971450.0,-77.02,39.91
4,8,United States,26582120.0,-77.02,39.91
5,8,United States,31935890.0,-77.02,39.91
6,8,United States,38220160.0,-77.02,39.91
7,8,United States,43542000.0,-77.02,39.91
8,8,United States,31581200.0,-77.02,39.91
9,8,United States,24131810.0,-77.02,39.91
10,8,United States,27516460.0,-77.02,39.91
11,8,United States,25522040.0,-77.02,39.91
12,8,United States,27966380.0,-77.02,39.91
1,7,Uruguay,2121760.0,-56.11,-34.5
2,6,Uruguay,842390.0,-56.11,-34.5
3,6,Uruguay,417490.0,-56.11,-34.5
4,6,Uruguay,195560.0,-56.11,-34.5
5,6,Uruguay,485830.0,-56.11,-34.5
6,6,Uruguay,363090.0,-56.11,-34.5
7,6,Uruguay,295100.0,-56.11,-34.5
8,6,Uruguay,228650.0,-56.11,-34.5
9,6,Uruguay,204500.0,-56.11,-34.5
10,6,Uruguay,232150.0,-56.11,-34.5
11,6,Uruguay,235120.0,-56.11,-34.5
12,6,Uruguay,364410.0,-56.11,-34.5
1,6,Uzbekistan,221270.0,69.1,41.2
2,5,Uzbekistan,50700.0,69.1,41.2
3,5,Uzbekistan,19120.0,69.1,41.2
4,5,Uzbekistan,18440.0,69.1,41.2
5,5,Uzbekistan,19850.0,69.1,41.2
6,5,Uzbekistan,29690.0,69.1,41.2
7,5,Uzbekistan,29040.0,69.1,41.2
8,5,Uzbekistan,16680.0,69.1,41.2
9,5,Uzbekistan,18180.0,69.1,41.2
10,5,Uzbekistan,16140.0,69.1,41.2
11,5,Uzbekistan,29390.0,69.1,41.2
12,5,Uzbekistan,34640.0,69.1,41.2
1,4,Vanuatu,6600.0,168.18,-17.45
2,4,Vanuatu,4210.0,168.18,-17.45
3,5,Vanuatu,36580.0,168.18,-17.45
4,5,Vanuatu,21130.0,168.18,-17.45
5,5,Vanuatu,10650.0,168.18,-17.45
6,5,Vanuatu,17460.0,168.18,-17.45
7,4,Vanuatu,5600.0,168.18,-17.45
8,4,Vanuatu,2480.0,168.18,-17.45
9,4,Vanuatu,6520.0,168.18,-17.45
10,4,Vanuatu,3760.0,168.18,-17.45
11,4,Vanuatu,1480.0,168.18,-17.45
12,4,Vanuatu,3720.0,168.18,-17.45
1,6,Venezuela,377000.0,-66.55,10.3
2,6,Venezuela,148510.0,-66.55,10.3
3,5,Venezuela,74020.0,-66.55,10.3
4,5,Venezuela,41860.0,-66.55,10.3
5,5,Venezuela,44540.0,-66.55,10.3
6,5,Venezuela,46500.0,-66.55,10.3
7,5,Venezuela,83140.0,-66.55,10.3
8,5,Venezuela,65410.0,-66.55,10.3
9,5,Venezuela,40980.0,-66.55,10.3
10,5,Venezuela,51270.0,-66.55,10.3
11,5,Venezuela,21290.0,-66.55,10.3
12,5,Venezuela,64350.0,-66.55,10.3
1,7,Vietnam,5545140.0,105.55,21.05
2,8,Vietnam,12136750.0,105.55,21.05
3,8,Vietnam,39741550.0,105.55,21.05
4,7,Vietnam,6401240.0,105.55,21.05
5,7,Vietnam,2985440.0,105.55,21.05
6,7,Vietnam,3261870.0,105.55,21.05
7,7,Vietnam,3061010.0,105.55,21.05
8,7,Vietnam,3580450.0,105.55,21.05
9,7,Vietnam,3958790.0,105.55,21.05
10,7,Vietnam,3112780.0,105.55,21.05
11,7,Vietnam,3057040.0,105.55,21.05
12,7,Vietnam,5508280.0,105.55,21.05
1,0,Wales,0.0,-3.1681,51.4837
2,0,Wales,0.0,-3.1681,51.4837
3,0,Wales,0.0,-3.1681,51.4837
4,0,Wales,0.0,-3.1681,51.4837
5,0,Wales,0.0,-3.1681,51.4837
6,0,Wales,0.0,-3.1681,51.4837
7,0,Wales,0.0,-3.1681,51.4837
8,0,Wales,0.0,-3.1681,51.4837
9,0,Wales,0.0,-3.1681,51.4837
10,0,Wales,0.0,-3.1681,51.4837
11,0,Wales,0.0,-3.1681,51.4837
12,0,Wales,0.0,-3.1681,51.4837
1,4,Yemen,8420.0,-82.4066,42.9745
2,4,Yemen,1680.0,-82.4066,42.9745
3,3,Yemen,630.0,-82.4066,42.9745
4,3,Yemen,450.0,-82.4066,42.9745
5,3,Yemen,190.0,-82.4066,42.9745
6,3,Yemen,270.0,-82.4066,42.9745
7,4,Yemen,1560.0,-82.4066,42.9745
8,4,Yemen,3380.0,-82.4066,42.9745
9,3,Yemen,490.0,-82.4066,42.9745
10,3,Yemen,270.0,-82.4066,42.9745
11,3,Yemen,670.0,-82.4066,42.9745
12,3,Yemen,180.0,-82.4066,42.9745
1,6,Zambia,204200.0,28.16,-15.28
2,5,Zambia,70280.0,28.16,-15.28
3,5,Zambia,45260.0,28.16,-15.28
4,5,Zambia,70280.0,28.16,-15.28
5,5,Zambia,66320.0,28.16,-15.28
6,5,Zambia,77250.0,28.16,-15.28
7,5,Zambia,81470.0,28.16,-15.28
8,5,Zambia,51660.0,28.16,-15.28
9,5,Zambia,29420.0,28.16,-15.28
10,5,Zambia,28080.0,28.16,-15.28
11,5,Zambia,38320.0,28.16,-15.28
12,5,Zambia,38970.0,28.16,-15.28
1,5,Zimbabwe,75210.0,31.02,-17.43
2,5,Zimbabwe,62210.0,31.02,-17.43
3,5,Zimbabwe,65840.0,31.02,-17.43
4,5,Zimbabwe,39540.0,31.02,-17.43
5,5,Zimbabwe,56150.0,31.02,-17.43
6,5,Zimbabwe,35340.0,31.02,-17.43
7,5,Zimbabwe,22440.0,31.02,-17.43
8,5,Zimbabwe,21440.0,31.02,-17.43
9,4,Zimbabwe,9590.0,31.02,-17.43
10,5,Zimbabwe,31950.0,31.02,-17.43
11,5,Zimbabwe,15320.0,31.02,-17.43
12,5,Zimbabwe,32200.0,31.02,-17.43
